grade	module	section	term	pos	translation	note
6	Module 1	1a Family Members	age	n	возраст	
6	Module 1	1a Family Members	aunt	n	тетя	
6	Module 1	1a Family Members	big	adj	большой	
6	Module 1	1a Family Members	brother	n	брат	
6	Module 1	1a Family Members	child	n	ребенок	
6	Module 1	1a Family Members	children	n pl	дети	
6	Module 1	1a Family Members	cousin	n	двоюродный брат/сестра	
6	Module 1	1a Family Members	curly	adj	кудрявый	
6	Module 1	1a Family Members	daughter	n	дочь	
6	Module 1	1a Family Members	dad	n	папа	
6	Module 1	1a Family Members	fair	adj	светлый	
6	Module 1	1a Family Members	fat	adj	толстый	
6	Module 1	1a Family Members	grey	adj	седой	
6	Module 1	1a Family Members	hair	n	волосы	
6	Module 1	1a Family Members	height	n	рост	
6	Module 1	1a Family Members	husband	n	муж	
6	Module 1	1a Family Members	long	adj	длинный	
6	Module 1	1a Family Members	middle aged	adj	среднего возраста	
6	Module 1	1a Family Members	mum	n	мама	
6	Module 1	1a Family Members	old	adj	старый	
6	Module 1	1a Family Members	parents	n pl	родители	
6	Module 1	1a Family Members	short	adj	короткий	
6	Module 1	1a Family Members	sister	n	сестра	
6	Module 1	1a Family Members	slim	adj	стройный	
6	Module 1	1a Family Members	son	n	сын	
6	Module 1	1a Family Members	straight	adj	прямые (о волосах)	
6	Module 1	1a Family Members	twins	n	близнецы	
6	Module 1	1a Family Members	uncle	n	дядя	
6	Module 1	1a Family Members	wavy	adj	волнистые (о волосах)	
6	Module 1	1a Family Members	weight	n	вес	
6	Module 1	1a Family Members	wife	n	жена	
6	Module 1	1a Family Members	young	adj	молодой	
6	Module 1	1a Family Members	be in one's early sixties		быть немногим старше 60	
6	Module 1	1a Family Members	be in late thirties		быть немногим младше 40	
6	Module 1	1a Family Members	be in mid twenties		быть в возрасте 25 лет	
6	Module 1	1a Family Members	be married to smb.		быть женатым, замужем за кем-либо	
6	Module 1	1a Family Members	facial features		черты лица	
6	Module 1	1b Who are you?	address	n	адрес	
6	Module 1	1b Who are you?	camera	n	фотоаппарат	
6	Module 1	1b Who are you?	computer	n	компьютер	
6	Module 1	1b Who are you?	nationality	n	национальность	
6	Module 1	1b Who are you?	postcode	n	почтовый индекс	
6	Module 1	1b Who are you?	skateboard	n	скейтборд	
6	Module 1	1b Who are you?	surname	n	фамилия	
6	Module 1	1b Who are you?	watch	n	часы	
6	Module 1	1b Who are you?	alarm clock		будильник	
6	Module 1	1b Who are you?	credit card		кредитная карта	
6	Module 1	1b Who are you?	date of birth		дата рождения	
6	Module 1	1b Who are you?	driving licence		водительское удостоверение	
6	Module 1	1b Who are you?	expiry date		дата истечения срока действия	"* (printed as ""expiry date*"")"
6	Module 1	1b Who are you?	full name		полное имя	
6	Module 1	1b Who are you?	home address		домашний адрес	
6	Module 1	1b Who are you?	identity card		удостоверение личности	
6	Module 1	1b Who are you?	identification number		идентификационный номер	
6	Module 1	1b Who are you?	join a club		вступать в клуб	
6	Module 1	1b Who are you?	membership card		членский билет (карта)	
6	Module 1	1b Who are you?	telephone number		телефонный номер	
6	Module 1	1b Who are you?	register a library		записываться в библиотеку	
6	Module 1	1c My Country	Brazil	n	Бразилия	
6	Module 1	1c My Country	Brazilian	adj/n	бразильский/бразилец	
6	Module 1	1c My Country	Britain	n	Великобритания	
6	Module 1	1c My Country	British	adj/n	британский/британец	
6	Module 1	1c My Country	Chile	n	Чили	
6	Module 1	1c My Country	Chilean	adj/n	чилийский/чилиец	
6	Module 1	1c My Country	compass	n	компас	
6	Module 1	1c My Country	desert	n	пустыня	
6	Module 1	1c My Country	east	n	восток	
6	Module 1	1c My Country	exactly	adv	точно	
6	Module 1	1c My Country	German	adj/n	немецкий/немец	
6	Module 1	1c My Country	Germany	n	Германия	
6	Module 1	1c My Country	include	v	включать	
6	Module 1	1c My Country	Japan	n	Япония	
6	Module 1	1c My Country	Japanese	adj/n	японский/японец	
6	Module 1	1c My Country	location	n	местонахождение	
6	Module 1	1c My Country	mountains	n pl	горы	
6	Module 1	1c My Country	north	n	север	
6	Module 1	1c My Country	north-east	n	северо-восток	
6	Module 1	1c My Country	north-west	n	северо-запад	
6	Module 1	1c My Country	Poland	n	Польша	
6	Module 1	1c My Country	Polish	adj/n	польский/поляк	
6	Module 1	1c My Country	Russia	n	Россия	
6	Module 1	1c My Country	Russian	adj/n	русский/русский	
6	Module 1	1c My Country	south	n	юг	
6	Module 1	1c My Country	Spain	n	Испания	
6	Module 1	1c My Country	Spanish	adj/n	испанский/испанец	
6	Module 1	1c My Country	valley	n	долина	
6	Module 1	1c My Country	west	n	запад	
6	Module 1	1d Culture Corner	Belfast	n	Белфаст	
6	Module 1	1d Culture Corner	Cardiff	n	Кардифф	
6	Module 1	1d Culture Corner	country	n	страна	
6	Module 1	1d Culture Corner	currency	n	валюта	
6	Module 1	1d Culture Corner	Edinburgh	n	Эдинбург	
6	Module 1	1d Culture Corner	England	n	Англия	
6	Module 1	1d Culture Corner	Ireland	n	Ирландия	
6	Module 1	1d Culture Corner	London	n	Лондон	
6	Module 1	1d Culture Corner	map	n	карта	
6	Module 1	1d Culture Corner	population	n	население	
6	Module 1	1d Culture Corner	Scotland	n	Шотландия	
6	Module 1	1d Culture Corner	Wales	n	Уэльс	
6	Module 1	1d Culture Corner	as well as		а также, так же как	
6	Module 1	1d Culture Corner	British pound		британский фунт стерлингов (£)	
6	Module 1	1d Culture Corner	the Union Jack		флаг Великобритании	
6	Module 1	1d Culture Corner	the United Kingdom		Соединенное Королевство	
6	Module 1	English in Use/Extensive Reading 1	diameter	n	диаметр	
6	Module 1	English in Use/Extensive Reading 1	distance	n	расстояние	
6	Module 1	English in Use/Extensive Reading 1	Earth	n	Земля (планета)	
6	Module 1	English in Use/Extensive Reading 1	greet	v	приветствовать	
6	Module 1	English in Use/Extensive Reading 1	per cent	n	процент	
6	Module 1	English in Use/Extensive Reading 1	total	adj	общий, полный	
6	Module 1	English in Use/Extensive Reading 1	conditions suitable for life		условия, пригодные для жизни	
6	Module 1	English in Use/Extensive Reading 1	introduce smb to smb		представлять кого-либо кому-либо	
6	Module 1	English in Use/Extensive Reading 1	solar system		солнечная система	
6	Module 1	English in Use/Extensive Reading 1	surface area		площадь поверхности	
6	Module 2	2a Happy Times	April	n	апрель	
6	Module 2	2a Happy Times	at midnight	n	в полночь	
6	Module 2	2a Happy Times	at midday	n	в полдень	
6	Module 2	2a Happy Times	August	n	август	
6	Module 2	2a Happy Times	birthday	n	день рождения	
6	Module 2	2a Happy Times	celebrate	v	праздновать	
6	Module 2	2a Happy Times	December	n	декабрь	
6	Module 2	2a Happy Times	eighteenth	num	восемнадцатый	
6	Module 2	2a Happy Times	eighth	num	восьмой	
6	Module 2	2a Happy Times	eleventh	num	одиннадцатый	
6	Module 2	2a Happy Times	event	n	событие	
6	Module 2	2a Happy Times	February	n	февраль	
6	Module 2	2a Happy Times	first	num	первый	
6	Module 2	2a Happy Times	fifteenth	num	пятнадцатый	
6	Module 2	2a Happy Times	fifth	num	пятый	
6	Module 2	2a Happy Times	fortieth	num	сороковой	
6	Module 2	2a Happy Times	forty-fourth	num	сорок четвертый	
6	Module 2	2a Happy Times	fourteenth	num	четырнадцатый	
6	Module 2	2a Happy Times	fourth	num	четвертый	
6	Module 2	2a Happy Times	Friday	n	пятница	
6	Module 2	2a Happy Times	graduation	n	окончание учебного заведения	
6	Module 2	2a Happy Times	invitation	n	приглашение	
6	Module 2	2a Happy Times	January	n	январь	
6	Module 2	2a Happy Times	July	n	июль	
6	Module 2	2a Happy Times	June	n	июнь	
6	Module 2	2a Happy Times	March	n	март	
6	Module 2	2a Happy Times	May	n	май	
6	Module 2	2a Happy Times	Monday	n	понедельник	
6	Module 2	2a Happy Times	nineteenth	num	девятнадцатый	
6	Module 2	2a Happy Times	ninth	num	девятый	
6	Module 2	2a Happy Times	noon	n	полдень	
6	Module 2	2a Happy Times	November	n	ноябрь	
6	Module 2	2a Happy Times	occasion	n	случай	
6	Module 2	2a Happy Times	o'clock	adv	на часах, ровно	
6	Module 2	2a Happy Times	October	n	октябрь	
6	Module 2	2a Happy Times	Saturday	n	суббота	
6	Module 2	2a Happy Times	second	num	второй	
6	Module 2	2a Happy Times	sixteenth	num	шестнадцатый	
6	Module 2	2a Happy Times	sixth	num	шестой	
6	Module 2	2a Happy Times	September	n	сентябрь	
6	Module 2	2a Happy Times	seventeenth	num	семнадцатый	
6	Module 2	2a Happy Times	seventh	num	седьмой	
6	Module 2	2a Happy Times	Sunday	n	воскресенье	
6	Module 2	2a Happy Times	take place	v	проходить	
6	Module 2	2a Happy Times	tenth	num	десятый	
6	Module 2	2a Happy Times	third	num	третий	
6	Module 2	2a Happy Times	thirteenth	num	тринадцатый	
6	Module 2	2a Happy Times	thirtieth	num	тридцатый	
6	Module 2	2a Happy Times	thirty-second	num	тридцать второй	
6	Module 2	2a Happy Times	Thursday	n	четверг	
6	Module 2	2a Happy Times	Tuesday	n	вторник	
6	Module 2	2a Happy Times	twelfth	num	двенадцатый	
6	Module 2	2a Happy Times	twentieth	num	двадцатый	
6	Module 2	2a Happy Times	twenty-first	num	двадцать первый	
6	Module 2	2a Happy Times	Wednesday	n	среда	
6	Module 2	2a Happy Times	a quarter past		четверть часа	
6	Module 2	2a Happy Times	a quarter to		без четверти	
6	Module 2	2a Happy Times	half past		половина	
6	Module 2	2a Happy Times	Halloween holiday		праздник Хэллоуин	
6	Module 2	2a Happy Times	invite smb. to a party		приглашать кого-либо на вечеринку	
6	Module 2	2a Happy Times	trick or treat		угости, а не то пожалеешь	
6	Module 2	2b My place	armchair	n	кресло	
6	Module 2	2b My place	basin	n	таз	
6	Module 2	2b My place	bathroom	n	ванная комната	
6	Module 2	2b My place	bathtub	n	ванна	
6	Module 2	2b My place	bedroom	n	спальня	
6	Module 2	2b My place	bookcase	n	книжный шкаф	
6	Module 2	2b My place	carpet	n	ковер	
6	Module 2	2b My place	ceiling	n	потолок	
6	Module 2	2b My place	cooker	n	кухонная плита	
6	Module 2	2b My place	cupboard	n	шкаф для посуды (буфет)	
6	Module 2	2b My place	cushion	n	диванная подушка	
6	Module 2	2b My place	curtain	n	штора	
6	Module 2	2b My place	expensive	adj	дорогой	
6	Module 2	2b My place	fireplace	n	камин	
6	Module 2	2b My place	floor	n	пол	
6	Module 2	2b My place	flower	n	цветок	
6	Module 2	2b My place	fridge	n	холодильник	
6	Module 2	2b My place	kitchen	n	кухня	
6	Module 2	2b My place	mirror	n	зеркало	
6	Module 2	2b My place	newspaper	n	газета	
6	Module 2	2b My place	painting	n	картина	
6	Module 2	2b My place	shelf	n	полка	
6	Module 2	2b My place	sink	n	раковина	
6	Module 2	2b My place	study	n	кабинет	
6	Module 2	2b My place	vase	n	ваза	
6	Module 2	2b My place	wardrobe	n	гардероб	
6	Module 2	2b My place	coffee table		журнальный столик	
6	Module 2	2b My place	dining room		столовая	
6	Module 2	2b My place	do one's best		делать все от себя зависящее	
6	Module 2	2b My place	living room		гостиная	
6	Module 2	2b My place	move a house		переезжать	
6	Module 2	2b My place	give smb. a hand		помогать кому-либо	
6	Module 2	2b My place	Watch out!		Осторожно!	
6	Module 2	2b My place	Calm down!		Успокойся!	
6	Module 2	2c My neighbourhood	aspirin	n	аспирин	
6	Module 2	2c My neighbourhood	baker's	n	булочная	
6	Module 2	2c My neighbourhood	bank	n	банк	
6	Module 2	2c My neighbourhood	café	n	кафе	
6	Module 2	2c My neighbourhood	chemist's	n	аптека	
6	Module 2	2c My neighbourhood	greengrocer's	n	овощной магазин	
6	Module 2	2c My neighbourhood	library	n	библиотека	
6	Module 2	2c My neighbourhood	neighbourhood	n	окрестности	
6	Module 2	2c My neighbourhood	newsagent's	n	газетный киоск	
6	Module 2	2c My neighbourhood	stamp	n	марка	
6	Module 2	2c My neighbourhood	supermarket	n	супермаркет	
6	Module 2	2c My neighbourhood	vegetables	n pl	овощи	
6	Module 2	2c My neighbourhood	bus station		автобусная остановка	
6	Module 2	2c My neighbourhood	coffee shop		кафетерий	
6	Module 2	2c My neighbourhood	pet shop		зоомагазин	
6	Module 2	2c My neighbourhood	post office		почта	
6	Module 2	2c My neighbourhood	sports shop		спортивный магазин	
6	Module 2	2c My neighbourhood	teddy bear		плюшевый медведь (игрушка)	
6	Module 2	2c My neighbourhood	toy shop		магазин игрушек	
6	Module 2	2d Culture Corner	avenue	n	проспект	
6	Module 2	2d Culture Corner	boulevard	n	бульвар	
6	Module 2	2d Culture Corner	lane	n	переулок	
6	Module 2	2d Culture Corner	place	n	площадь	
6	Module 2	2d Culture Corner	road	n	шоссе	
6	Module 2	2d Culture Corner	street	n	улица	
6	Module 2	2d Culture Corner	pavement	n	тротуар	
6	Module 2	2d Culture Corner	narrow	adj	узкий	
6	Module 2	2d Culture Corner	power	n	власть, сила	
6	Module 2	2d Culture Corner	store	n	магазин	
6	Module 2	2d Culture Corner	fashionable clothes		модная одежда	
6	Module 2	2d Culture Corner	outdoor café		уличное кафе	
6	Module 2	English in Use/Extensive Reading 2	come over	phr v	приезжать	
6	Module 2	English in Use/Extensive Reading 2	choose	v	выбирать	
6	Module 2	English in Use/Extensive Reading 2	heating	n	отопление	
6	Module 2	English in Use/Extensive Reading 2	measurements	n pl	измерения	
6	Module 2	English in Use/Extensive Reading 2	plumber	n	водопроводчик	
6	Module 2	English in Use/Extensive Reading 2	a scale of a map		масштаб карты	
6	Module 2	English in Use/Extensive Reading 2	at the bottom		внизу	
6	Module 2	English in Use/Extensive Reading 2	heel and toe		от пятки до мыска (стопа)	
6	Module 2	English in Use/Extensive Reading 2	measure the distance		измерять расстояние	
6	Module 2	English in Use/Extensive Reading 2	requiring services		службы по вызову	
6	Module 2	English in Use/Extensive Reading 2	the tap is leaking		кран течет	
6	Module 2	English in Use/Extensive Reading 2	What's up?		Что случилось?	
6	Module 3	3a Road safety	annoy	v	досаждать, раздражать	
6	Module 3	3a Road safety	block	v	загораживать	
6	Module 3	3a Road safety	brakes	n	тормоза	
6	Module 3	3a Road safety	check	v	проверять	
6	Module 3	3a Road safety	clear	adj	свободный	
6	Module 3	3a Road safety	cross	v	пересекать	
6	Module 3	3a Road safety	dangerous	adj	опасный	
6	Module 3	3a Road safety	driver	n	водитель	
6	Module 3	3a Road safety	enter	v	входить	
6	Module 3	3a Road safety	flow of	n	поток чего-либо	
6	Module 3	3a Road safety	handgrip	n	поручень	
6	Module 3	3a Road safety	kerb	n	обочина	
6	Module 3	3a Road safety	park	v	парковать(ся)	
6	Module 3	3a Road safety	pedestrian	n	пешеход	
6	Module 3	3a Road safety	push	v	толкать	
6	Module 3	3a Road safety	ride	v	ехать	
6	Module 3	3a Road safety	safe	adj	безопасный, в безопасности	
6	Module 3	3a Road safety	traffic	n	движение	
6	Module 3	3a Road safety	use	v	использовать	
6	Module 3	3a Road safety	tyre	n	шина	
6	Module 3	3a Road safety	back seat		заднее сиденье	
6	Module 3	3a Road safety	bike lane		велосипедная дорожка	
6	Module 3	3a Road safety	bicycle helmet		велосипедный шлем	
6	Module 3	3a Road safety	lean out of the window		высовываться из окна	
6	Module 3	3a Road safety	look both ways		смотреть в обе стороны	
6	Module 3	3a Road safety	on foot		пешком	
6	Module 3	3a Road safety	parking zone		парковка	
6	Module 3	3a Road safety	seat belt		ремень безопасности	
6	Module 3	3a Road safety	traffic lights		светофор	
6	Module 3	3a Road safety	traffic sign		дорожный знак	
6	Module 3	3a Road safety	traffic warden		дорожный инспектор, регулировщик	
6	Module 3	3a Road safety	zebra crossing		пешеходный переход, «зебра»	
6	Module 3	3b On the move	careful	adj	осторожный	
6	Module 3	3b On the move	excellent	adj	отличный	
6	Module 3	3b On the move	gallery	n	галерея	
6	Module 3	3b On the move	perfect	adj	превосходный	
6	Module 3	3b On the move	plane	n	самолет	
6	Module 3	3b On the move	remember	v	помнить	
6	Module 3	3b On the move	train	n	поезд	
6	Module 3	3b On the move	be careful		будь осторожен	
6	Module 3	3b On the move	draw a map		рисовать карту	
6	Module 3	3b On the move	driving school		автошкола	
6	Module 3	3b On the move	go straight on		идти прямо	
6	Module 3	3b On the move	go towards		идти по направлению к	
6	Module 3	3b On the move	turn green		смениться на зеленый	
6	Module 3	3b On the move	turn right/left		повернуть направо/налево	
6	Module 3	3c Hot wheels	bring (brought)	v irr.	приносить	
6	Module 3	3c Hot wheels	deserve	v	заслуживать	
6	Module 3	3c Hot wheels	fan	n	фанат, болельщик	
6	Module 3	3c Hot wheels	fast	adj	быстрый	
6	Module 3	3c Hot wheels	hobby	n	хобби	
6	Module 3	3c Hot wheels	jogging	n	оздоровительный бег	
6	Module 3	3c Hot wheels	nickname	n	прозвище	
6	Module 3	3c Hot wheels	occupation	n	занятие	
6	Module 3	3c Hot wheels	team	n	команда	
6	Module 3	3c Hot wheels	be born		родиться	
6	Module 3	3c Hot wheels	famous for		знаменитый благодаря чему-либо	
6	Module 3	3c Hot wheels	personal details		личные данные	
6	Module 3	3c Hot wheels	racing car driver		автогонщик	
6	Module 3	3d Culture Corner	amber	adj	желтый (сигнал светофора)	
6	Module 3	3d Culture Corner	city centre		центр города	
6	Module 3	3d Culture Corner	forget (forgot)	v irr.	забывать	
6	Module 3	3d Culture Corner	get around	phr v	передвигаться	
6	Module 3	3d Culture Corner	journey	n	поездка	
6	Module 3	3d Culture Corner	luggage	n	багаж	
6	Module 3	3d Culture Corner	room	n	место, пространство	
6	Module 3	3d Culture Corner	tourist	n	турист	
6	Module 3	3d Culture Corner	underground	n	метро	
6	Module 3	3d Culture Corner	a nice view		прекрасный вид	
6	Module 3	3d Culture Corner	black cab		черный кэб (такси в Лондоне)	
6	Module 3	3d Culture Corner	double-decker bus	n	двухэтажный автобус	
6	Module 3	English in Use/Extensive Reading 3	protection	n	защита	
6	Module 3	English in Use/Extensive Reading 3	respect	n	уважение	
6	Module 3	English in Use/Extensive Reading 3	soldier	n	солдат	
6	Module 3	English in Use/Extensive Reading 3	townhall	n	мэрия	
6	Module 3	English in Use/Extensive Reading 3	war	n	война	
6	Module 3	English in Use/Extensive Reading 3	warn	v	извещать, предупреждать	
6	Module 4	4a Day in, Day out	always	adv	всегда	
6	Module 4	4a Day in, Day out	catch (caught)	v irr.	ловить	
6	Module 4	4a Day in, Day out	cook	v	готовить	
6	Module 4	4a Day in, Day out	cry	v	плакать	
6	Module 4	4a Day in, Day out	dormitory	n	общежитие, общая спальня (для учащихся)	
6	Module 4	4a Day in, Day out	dungeon	n	темница, подземелье	
6	Module 4	4a Day in, Day out	frog	n	лягушка	
6	Module 4	4a Day in, Day out	fix	v	устанавливать	
6	Module 4	4a Day in, Day out	greenhouse	n	оранжерея	
6	Module 4	4a Day in, Day out	habit	n	привычка	
6	Module 4	4a Day in, Day out	kick	v	ударять, пинать	
6	Module 4	4a Day in, Day out	kiss	v	целовать	
6	Module 4	4a Day in, Day out	laugh	v	смеяться	
6	Module 4	4a Day in, Day out	lose (lost)	v irr.	терять	
6	Module 4	4a Day in, Day out	never	adv	никогда	
6	Module 4	4a Day in, Day out	often	adv	часто	
6	Module 4	4a Day in, Day out	rarely	adv	редко	
6	Module 4	4a Day in, Day out	sometimes	adv	иногда	
6	Module 4	4a Day in, Day out	spend (spent)	v irr.	проводить (время)	
6	Module 4	4a Day in, Day out	teach (taught)	v irr.	обучать	
6	Module 4	4a Day in, Day out	treat (well)	v	обращаться (хорошо)	
6	Module 4	4a Day in, Day out	usually	adv	обычно	
6	Module 4	4a Day in, Day out	brush my teeth		чистить зубы	
6	Module 4	4a Day in, Day out	common room		комната отдыха	
6	Module 4	4a Day in, Day out	do my homework		делать домашнее задание	
6	Module 4	4a Day in, Day out	get dressed		одеваться	
6	Module 4	4a Day in, Day out	go out with friends		выходить (на прогулку) с друзьями	
6	Module 4	4a Day in, Day out	have a shower		принимать душ	
6	Module 4	4a Day in, Day out	hide and seek		игра в прятки	
6	Module 4	4a Day in, Day out	listen to music		слушать музыку	
6	Module 4	4a Day in, Day out	magic tricks		волшебство	
6	Module 4	4a Day in, Day out	once a month		раз в месяц	
6	Module 4	4a Day in, Day out	play sports		играть в спортивные игры	
6	Module 4	4a Day in, Day out	twice a week		дважды в неделю	
6	Module 4	4b How about...?	awful	adj	ужасный	
6	Module 4	4b How about...?	be on	phr v	идти (на сцене, на экране)	
6	Module 4	4b How about...?	boring	adj	скучный	
6	Module 4	4b How about...?	chicken	n	курица, цыпленок	
6	Module 4	4b How about...?	comedy	n	комедия	
6	Module 4	4b How about...?	dancing	n	танцы	
6	Module 4	4b How about...?	decide	v	решать	
6	Module 4	4b How about...?	delicious	adj	восхитительный	
6	Module 4	4b How about...?	disgusting	adj	отвратительный	
6	Module 4	4b How about...?	drama	n	драма	
6	Module 4	4b How about...?	dull	adj	скучный	
6	Module 4	4b How about...?	enjoyable	adj	приятный	
6	Module 4	4b How about...?	exciting	adj	захватывающий	
6	Module 4	4b How about...?	fine	adj	хороший, прекрасный	
6	Module 4	4b How about...?	fish	n	рыба	
6	Module 4	4b How about...?	great	adj	замечательный	
6	Module 4	4b How about...?	hamburger	n	гамбургер	
6	Module 4	4b How about...?	horrible	adj	жуткий, страшный	
6	Module 4	4b How about...?	interesting	adj	интересный	
6	Module 4	4b How about...?	news	n	новости	
6	Module 4	4b How about...?	pizza	n	пицца	
6	Module 4	4b How about...?	science fiction	n	фантастика	
6	Module 4	4b How about...?	sitcom	n	комедия положений	
6	Module 4	4b How about...?	skiing	n	лыжи	
6	Module 4	4b How about...?	spaghetti	n	спагетти	
6	Module 4	4b How about...?	star	v	сниматься в главной роли	
6	Module 4	4b How about...?	sports	n	спортивные программы	
6	Module 4	4b How about...?	talk show	n	ток-шоу	
6	Module 4	4b How about...?	teenager	n	подросток	
6	Module 4	4b How about...?	terrible	adj	страшный	
6	Module 4	4b How about...?	thriller	n	триллер	
6	Module 4	4b How about...?	windsurfing	n	виндсерфинг	
6	Module 4	4b How about...?	wonderful	adj	изумительный, чудесный	
6	Module 4	4b How about...?	eat out		питаться вне дома (в кафе и т. п.)	
6	Module 4	4b How about...?	music shows		музыкальные шоу	
6	Module 4	4b How about...?	pop concert		концерт поп-музыки	
6	Module 4	4b How about...?	pop music		популярная музыка	
6	Module 4	4b How about...?	reality shows		реалити-шоу	
6	Module 4	4c My favourite day	camp	v	лагерь отдыха	
6	Module 4	4c My favourite day	climb/go climbing	v	взбираться	
6	Module 4	4c My favourite day	meet (met)	v irr.	встречать(ся)	
6	Module 4	4c My favourite day	movie	n	фильм	
6	Module 4	4c My favourite day	put on (a dress)	phr v	надевать (платье)	
6	Module 4	4c My favourite day	put up (a tent)	phr v	ставить (палатку)	
6	Module 4	4c My favourite day	set off	phr v	отправляться (в путь)	
6	Module 4	4c My favourite day	arrive in Moscow/at the airport		прибывать в Москву/аэропорт	
6	Module 4	4c My favourite day	build a fire		сложить костер	
6	Module 4	4c My favourite day	leisure activities		занятия в свободное время	
6	Module 4	4c My favourite day	scout club		клуб скаутов	
6	Module 4	4c My favourite day	scout leader		лидер, вожатый скаутов	
6	Module 4	4c My favourite day	the rest of		остальные	
6	Module 4	4c My favourite day	tell a story		рассказывать историю	
6	Module 4	4c My favourite day	tie knots		завязывать узлы	
6	Module 4	4d Culture Corner	disagree	v	не соглашаться	
6	Module 4	4d Culture Corner	get along with	phr v	ладить с кем-либо	
6	Module 4	4d Culture Corner	playstation	n	игровая приставка	
6	Module 4	4d Culture Corner	teenage	adj	подростковый	
6	Module 4	4d Culture Corner	mobile phone		мобильный телефон	
6	Module 4	4d Culture Corner	pocket money		карманные деньги	
6	Module 4	4d Culture Corner	semi-detached house		дом, имеющий общую стену с другим	
6	Module 4	4d Culture Corner	surf the net		бродить по Интернету	
6	Module 4	4d Culture Corner	soup opera		мыльная опера	sic: опечатка в учебнике, правильно soap opera
6	Module 4	English in Use/Extensive Reading 4	appointment	n	встреча, свидание	
6	Module 4	English in Use/Extensive Reading 4	cancel	v	отменять	
6	Module 4	English in Use/Extensive Reading 4	chart	n	диаграмма	
6	Module 4	English in Use/Extensive Reading 4	compare	v	сравнивать	
6	Module 4	English in Use/Extensive Reading 4	definitely	adv	определенно, точно	
6	Module 4	English in Use/Extensive Reading 4	graph	n	график	
6	Module 4	English in Use/Extensive Reading 4	hope	v	надеяться	
6	Module 4	English in Use/Extensive Reading 4	worry	v	беспокоиться	
6	Module 4	English in Use/Extensive Reading 4	feel better		чувствовать себя лучше	
6	Module 4	English in Use/Extensive Reading 4	have got a cold		быть простуженным	
6	Module 4	English in Use/Extensive Reading 4	pass along		давать, передавать	
6	Module 5	5a Festive time	bake	v	печь	
6	Module 5	5a Festive time	dance	v	танцевать	
6	Module 5	5a Festive time	grapes	n	виноград	
6	Module 5	5a Festive time	wish	v	желать	
6	Module 5	5a Festive time	as for		что касается	
6	Module 5	5a Festive time	be busy		быть занятым	
6	Module 5	5a Festive time	be excited		быть взволнованным	
6	Module 5	5a Festive time	blow a horn		дуть в рожок	
6	Module 5	5a Festive time	council workers		работники городских служб	
6	Module 5	5a Festive time	do the dusting		вытирать пыль	
6	Module 5	5a Festive time	do the gardening		заниматься садоводством	
6	Module 5	5a Festive time	do the shopping		делать покупки	
6	Module 5	5a Festive time	do the washing up		мыть посуду	
6	Module 5	5a Festive time	Good luck!		Удачи!	
6	Module 5	5a Festive time	make preparations		готовиться	
6	Module 5	5a Festive time	make a cake		печь торт, пирожное	
6	Module 5	5a Festive time	make a phone call		звонить по телефону	
6	Module 5	5a Festive time	make tea		заваривать чай	
6	Module 5	5a Festive time	play the drums		играть на барабанах	
6	Module 5	5b Let's celebrate	be over	phr v	заканчиваться	
6	Module 5	5b Let's celebrate	celebration	n	празднование	
6	Module 5	5b Let's celebrate	clean up	phr v	прибирать(ся)	
6	Module 5	5b Let's celebrate	cool	adj	классный	
6	Module 5	5b Let's celebrate	costume	n	костюм	
6	Module 5	5b Let's celebrate	dress up	phr v	наряжаться	
6	Module 5	5b Let's celebrate	exchange	v	обменивать	
6	Module 5	5b Let's celebrate	gang	n	банда	
6	Module 5	5b Let's celebrate	guest	n	гость	
6	Module 5	5b Let's celebrate	join in	phr v	присоединяться	
6	Module 5	5b Let's celebrate	offer	v	предлагать	
6	Module 5	5b Let's celebrate	pumpkin	n	тыква	
6	Module 5	5b Let's celebrate	run out of	phr v	исчерпать	
6	Module 5	5b Let's celebrate	terrify	v	пугать, ужасать	
6	Module 5	5b Let's celebrate	Thanksgiving	n	День благодарения	
6	Module 5	5b Let's celebrate	witch	n	ведьма	
6	Module 5	5b Let's celebrate	wreath	n	венок, гирлянда	
6	Module 5	5b Let's celebrate	bobbing for apples		откусывание яблока без помощи рук (игра)	
6	Module 5	5b Let's celebrate	Guy Fawkes Day		День Гая Фокса	
6	Module 5	5b Let's celebrate	May Day	n	1 Мая	
6	Module 5	5b Let's celebrate	perform tricks		показывать фокусы	
6	Module 5	5b Let's celebrate	pin the tail on the donkey		прикреплять ослу хвост (игра)	
6	Module 5	5b Let's celebrate	St. Patrick's Day		День Святого Патрика	
6	Module 5	5b Let's celebrate	throw streamers		бросать серпантин	
6	Module 5	5b Let's celebrate	toffee apple		яблоко в карамельной глазури	
6	Module 5	5b Let's celebrate	Valentine's Day		День Святого Валентина	
6	Module 5	5c Special days	activities	n	занятия, деятельность	
6	Module 5	5c Special days	colourful	adj	красочный, яркий	
6	Module 5	5c Special days	display	n	показ	
6	Module 5	5c Special days	festive	adj	праздничный, радостный	
6	Module 5	5c Special days	finally	adv	в заключение, окончательно	
6	Module 5	5c Special days	goddess	n	богиня	
6	Module 5	5c Special days	last	v	длиться	
6	Module 5	5c Special days	pray	v	молиться	
6	Module 5	5c Special days	important	adj	важный	
6	Module 5	5c Special days	whole	adj	весь, целый	
6	Module 5	5c Special days	wealth	n	богатство	
6	Module 5	5c Special days	decorate the house		украшать дом	
6	Module 5	5c Special days	exchange gifts		обмениваться подарками	
6	Module 5	5c Special days	have a great time		прекрасно проводить время	
6	Module 5	5c Special days	have a meal		кушать, принимать пищу	
6	Module 5	5c Special days	light lamps		зажигать фонари	
6	Module 5	5c Special days	make a speech		выступать с речью	
6	Module 5	5c Special days	put in order		расставить по порядку	
6	Module 5	5c Special days	put up decorations		развешивать украшения	
6	Module 5	5c Special days	watch the fireworks		смотреть фейерверк	
6	Module 5	5d Culture Corner	advertisement	n	реклама	
6	Module 5	5d Culture Corner	annual	adj	ежегодный	
6	Module 5	5d Culture Corner	athlete	n	спортсмен	
6	Module 5	5d Culture Corner	available	adj	доступный	
6	Module 5	5d Culture Corner	before	prep	перед	
6	Module 5	5d Culture Corner	upright	adj	прямой, вертикальный	
6	Module 5	5d Culture Corner	compete	v	соревноваться	
6	Module 5	5d Culture Corner	competition	n	соревнование	
6	Module 5	5d Culture Corner	crowd	n	толпа	
6	Module 5	5d Culture Corner	hill run	n	бег по холмам	
6	Module 5	5d Culture Corner	hold onto	phr v	держаться за	
6	Module 5	5d Culture Corner	popular	adj	популярный	
6	Module 5	5d Culture Corner	pull over	phr v	перетягивать	
6	Module 5	5d Culture Corner	rope	n	канат	
6	Module 5	5d Culture Corner	sell out	v	распродавать	
6	Module 5	5d Culture Corner	traditional	adj	традиционный	
6	Module 5	5d Culture Corner	try	v	пробовать	
6	Module 5	5d Culture Corner	towards	prep	к, по направлению к	
6	Module 5	5d Culture Corner	hammer throw		метание молота	
6	Module 5	5d Culture Corner	marching band		марширующий оркестр	
6	Module 5	5d Culture Corner	shot put		толкание ядра	
6	Module 5	5d Culture Corner	take part in the game		участвовать в игре	
6	Module 5	5d Culture Corner	take place		состояться, происходить	
6	Module 5	5d Culture Corner	tossing the caber		подбрасывание столба	
6	Module 5	5d Culture Corner	tree trunk		ствол дерева	
6	Module 5	5d Culture Corner	tug of war		перетягивание каната	
6	Module 5	English in Use/Extensive Reading 5	adventure	n	приключение	
6	Module 5	English in Use/Extensive Reading 5	belt	n	ремень	
6	Module 5	English in Use/Extensive Reading 5	carnation	n	гвоздика	
6	Module 5	English in Use/Extensive Reading 5	cravat	n	галстук	
6	Module 5	English in Use/Extensive Reading 5	create	v	создавать	
6	Module 5	English in Use/Extensive Reading 5	daisy	n	маргаритка	
6	Module 5	English in Use/Extensive Reading 5	extract	n	отрывок, фрагмент	
6	Module 5	English in Use/Extensive Reading 5	lucky	adj	удачный	
6	Module 5	English in Use/Extensive Reading 5	quantity	n	количество	
6	Module 5	English in Use/Extensive Reading 5	rose	n	роза	
6	Module 5	English in Use/Extensive Reading 5	strange	adj	странный	
6	Module 5	English in Use/Extensive Reading 5	sunflower	n	подсолнух	
6	Module 5	English in Use/Extensive Reading 5	tulip	n	тюльпан	
6	Module 5	English in Use/Extensive Reading 5	a/two dozen (roses/tulips/daisies)		дюжина/две (роз, тюльпанов, и т. п.)	
6	Module 5	English in Use/Extensive Reading 5	a fictional character		вымышленный персонаж	
6	Module 5	English in Use/Extensive Reading 5	be offended		быть обиженным	
6	Module 5	English in Use/Extensive Reading 5	have in mind		иметь в виду	
6	Module 5	English in Use/Extensive Reading 5	I beg you pardon!		Прошу прощения!	sic: опечатка в учебнике, правильно I beg your pardon!
6	Module 5	English in Use/Extensive Reading 5	include a card		приложить открытку	
6	Module 5	English in Use/Extensive Reading 5	including delivery		включая доставку	
6	Module 5	English in Use/Extensive Reading 5	send flowers		отправлять цветы	
6	Module 5	English in Use/Extensive Reading 5	through a looking glass		сквозь зеркало	
6	Module 6	6a Free time	acting	n	выступление	
6	Module 6	6a Free time	at the weekend	n	в выходные дни	
6	Module 6	6a Free time	brilliant	adj	выдающийся	
6	Module 6	6a Free time	brochure	n	брошюра, проспект	
6	Module 6	6a Free time	leaflet	n	листовка, буклет	
6	Module 6	6a Free time	learn	v	учиться	
6	Module 6	6a Free time	novel	n	роман	
6	Module 6	6a Free time	PC (personal computer)	n	персональный компьютер	
6	Module 6	6a Free time	paint	v	рисовать	
6	Module 6	6a Free time	photography	n	фотография	
6	Module 6	6a Free time	present	v	дарить	
6	Module 6	6a Free time	present	n	подарок	
6	Module 6	6a Free time	print	v	печатать	
6	Module 6	6a Free time	tiring	adj	утомительный	
6	Module 6	6a Free time	art museum		художественный музей	
6	Module 6	6a Free time	be good at		преуспевать в чем-либо	
6	Module 6	6a Free time	be fond of		любить что-либо	
6	Module 6	6a Free time	be keen on		быть увлеченным чем-либо	
6	Module 6	6a Free time	be mad about		сходить с ума по чему-то, безумно нравиться	
6	Module 6	6a Free time	be interested in		интересоваться чем-либо	
6	Module 6	6a Free time	go cycling		кататься на велосипеде	
6	Module 6	6a Free time	go on trips		совершать поездки	
6	Module 6	6a Free time	go windsurfing		заниматься виндсерфингом	
6	Module 6	6a Free time	have fun		веселиться	
6	Module 6	6a Free time	join a club		вступать в клуб	
6	Module 6	6a Free time	let the good times rock		давай хорошо повеселимся	
6	Module 6	6a Free time	present plays		ставить постановки	
6	Module 6	6b Game on!	annoyance	n	раздражение, досада	
6	Module 6	6b Game on!	agree	v	соглашаться	
6	Module 6	6b Game on!	argue	v	спорить	
6	Module 6	6b Game on!	arrangement	n	договоренность	
6	Module 6	6b Game on!	backgammon	n	нарды	
6	Module 6	6b Game on!	billiards	n	бильярд	
6	Module 6	6b Game on!	chess	n	шахматы	
6	Module 6	6b Game on!	darts	n	дартс	
6	Module 6	6b Game on!	dominoes	n	домино	
6	Module 6	6b Game on!	enjoy	v	любить, обожать	
6	Module 6	6b Game on!	fair	adj	честный	
6	Module 6	6b Game on!	lose (lost)	v irr.	терять, проигрывать	
6	Module 6	6b Game on!	marbles	n	шарики	
6	Module 6	6b Game on!	monopoly	n	монополия	
6	Module 6	6b Game on!	permanent	adj	постоянный	
6	Module 6	6b Game on!	points	n	очки (в играх)	
6	Module 6	6b Game on!	prefer	v	предпочитать	
6	Module 6	6b Game on!	scrabble	n	скрэбл (игра в слова)	
6	Module 6	6b Game on!	state	n	состояние	
6	Module 6	6b Game on!	suggest	v	предлагать	
6	Module 6	6b Game on!	win (won)	v irr.	выигрывать, побеждать	
6	Module 6	6b Game on!	board game		настольная игра	
6	Module 6	6b Game on!	for a change		для разнообразия	
6	Module 6	6b Game on!	in the end		в конце концов	
6	Module 6	6b Game on!	I bet		держу пари	
6	Module 6	6b Game on!	I don't care (about)		мне все равно	
6	Module 6	6b Game on!	jigsaw puzzle		пазл, мозаика	
6	Module 6	6b Game on!	wait for smb.		ждать кого-либо	
6	Module 6	6c Pastimes	about	prep	о	
6	Module 6	6c Pastimes	coconut	n	кокос	
6	Module 6	6c Pastimes	corn	n	кукуруза	
6	Module 6	6c Pastimes	dice	n	кубик	
6	Module 6	6c Pastimes	explore	n	исследовать	
6	Module 6	6c Pastimes	go down	phr v	опускаться	
6	Module 6	6c Pastimes	go up	phr v	подниматься	
6	Module 6	6c Pastimes	grow (grew)	v irr.	расти	
6	Module 6	6c Pastimes	hear (heard)	v irr.	слышать	
6	Module 6	6c Pastimes	in	prep	в	
6	Module 6	6c Pastimes	island	n	остров	
6	Module 6	6c Pastimes	lonely	adj	одинокий	
6	Module 6	6c Pastimes	miss	v	скучать	
6	Module 6	6c Pastimes	parrot	n	попугай	
6	Module 6	6c Pastimes	pawn	n	пешка	
6	Module 6	6c Pastimes	rice	n	рис	
6	Module 6	6c Pastimes	sing (sang)	v irr.	петь	
6	Module 6	6c Pastimes	square	n	клеточка	
6	Module 6	6c Pastimes	think (thought)	v irr.	думать	
6	Module 6	6c Pastimes	under	prep	под	
6	Module 6	6c Pastimes	warm	adj	теплый	
6	Module 6	6c Pastimes	snakes and ladders		«змеи и лестницы» (игра)	
6	Module 6	6d Culture Corner	aim	n	цель	
6	Module 6	6d Culture Corner	at random	adv	наугад	
6	Module 6	6d Culture Corner	customer	n	покупатель	
6	Module 6	6d Culture Corner	cost (cost)	v irr.	стоить	
6	Module 6	6d Culture Corner	discover	v	обнаруживать	
6	Module 6	6d Culture Corner	design	v	разрабатывать	
6	Module 6	6d Culture Corner	invent	v	изобретать	
6	Module 6	6d Culture Corner	property	n	имущество	
6	Module 6	6d Culture Corner	release	v	выпускать (в свет)	
6	Module 6	6d Culture Corner	weapon	n	оружие	
6	Module 6	6d Culture Corner	as much as possible		как можно больше	
6	Module 6	6d Culture Corner	be/become a great success		пользоваться огромным успехом	
6	Module 6	6d Culture Corner	bonus points		призовые очки (бонус)	
6	Module 6	6d Culture Corner	come up with	phr v	предлагать	
6	Module 6	6d Culture Corner	letter tiles		плитки (фишки) с буквами	
6	Module 6	6d Culture Corner	solve a crime		раскрыть преступление	
6	Module 6	6d Culture Corner	the scene of crime		картина преступления	
6	Module 6	Use of English/Extensive Reading 6	attach	v	прикреплять	
6	Module 6	Use of English/Extensive Reading 6	drawing	n	рисование	
6	Module 6	Use of English/Extensive Reading 6	educate	v	обучать	
6	Module 6	Use of English/Extensive Reading 6	glove	n	перчатка	
6	Module 6	Use of English/Extensive Reading 6	glue	n	клей	
6	Module 6	Use of English/Extensive Reading 6	look for	phr v	искать	
6	Module 6	Use of English/Extensive Reading 6	marionette	n	марионетка	
6	Module 6	Use of English/Extensive Reading 6	only	adv	только	
6	Module 6	Use of English/Extensive Reading 6	puppet	n	кукла (в кукольном театре)	
6	Module 6	Use of English/Extensive Reading 6	puppeteer	n	кукловод	
6	Module 6	Use of English/Extensive Reading 6	rubber	n	резина	
6	Module 6	Use of English/Extensive Reading 6	scissors	n	ножницы	
6	Module 6	Use of English/Extensive Reading 6	string	n	веревка	
6	Module 6	Use of English/Extensive Reading 6	wooden	adj	деревянный	
6	Module 6	Use of English/Extensive Reading 6	wrap	v	завертывать	
6	Module 6	Use of English/Extensive Reading 6	chess board		шахматная доска	
6	Module 6	Use of English/Extensive Reading 6	dart set		набор для игры в дартс	
6	Module 6	Use of English/Extensive Reading 6	hang gliding plane		модель планера	
6	Module 6	Use of English/Extensive Reading 6	make us laugh		заставляет нас смеяться	
6	Module 6	Use of English/Extensive Reading 6	roller skates		роликовые коньки	
6	Module 6	Use of English/Extensive Reading 6	table tennis set		набор для игры в настольный теннис	
6	Module 6	Use of English/Extensive Reading 6	What about..?		Как насчет..?	
6	Module 7	7a In the past	ago	adv	тому назад	
6	Module 7	7a In the past	busy	adj	суетливый, занятой	
6	Module 7	7a In the past	crowded	adj	переполненный	
6	Module 7	7a In the past	deserted	adj	безлюдный, пустынный	
6	Module 7	7a In the past	different	adj	другой, непохожий	
6	Module 7	7a In the past	empty	adj	пустой	
6	Module 7	7a In the past	even	adv	даже	
6	Module 7	7a In the past	horse	n	лошадь	
6	Module 7	7a In the past	mine	n	рудник, шахта	
6	Module 7	7a In the past	modern	adj	современный	
6	Module 7	7a In the past	quiet	adj	тихий	
6	Module 7	7a In the past	ruined	adj	разрушенный	
6	Module 7	7a In the past	saloon	n	салун	
6	Module 7	7a In the past	wealthy	adj	богатый	
6	Module 7	7a In the past	ugly	adj	безобразный	
6	Module 7	7a In the past	yesterday	adv	вчера	
6	Module 7	7a In the past	be called		называться	
6	Module 7	7a In the past	ghost town		город-призрак	
6	Module 7	7a In the past	last night		вчера вечером	
6	Module 7	7a In the past	last week		на прошлой неделе	
6	Module 7	7b Halloween Spirit	anyway	adv	в любом случае, все равно	
6	Module 7	7b Halloween Spirit	bored	adj	скучающий	
6	Module 7	7b Halloween Spirit	creature	n	создание, существо	
6	Module 7	7b Halloween Spirit	fortnight	n	две недели	
6	Module 7	7b Halloween Spirit	huge	adj	огромный	
6	Module 7	7b Halloween Spirit	introduce	v	представлять(ся)	
6	Module 7	7b Halloween Spirit	knock	v	стучать	
6	Module 7	7b Halloween Spirit	miserable	adj	несчастный	
6	Module 7	7b Halloween Spirit	naughty	adj	непослушный	
6	Module 7	7b Halloween Spirit	owl	n	сова	
6	Module 7	7b Halloween Spirit	puzzled	adj	озадаченный	
6	Module 7	7b Halloween Spirit	rush	v	мчаться, устремляться	
6	Module 7	7b Halloween Spirit	scared	adj	испуганный	
6	Module 7	7b Halloween Spirit	scream	n	крик	
6	Module 7	7b Halloween Spirit	shout	v	кричать	
6	Module 7	7b Halloween Spirit	stairs	n	лестница	
6	Module 7	7b Halloween Spirit	stressed	adj	напряженный	
6	Module 7	7b Halloween Spirit	suddenly	adv	вдруг	
6	Module 7	7b Halloween Spirit	tired	adj	уставший	
6	Module 7	7b Halloween Spirit	treat	n	угощение	
6	Module 7	7b Halloween Spirit	worried	adj	озабоченный	
6	Module 7	7b Halloween Spirit	by the time		к тому времени	
6	Module 7	7c Famous firsts	alive	adj	живой	
6	Module 7	7c Famous firsts	biography	n	биография	
6	Module 7	7c Famous firsts	cartoon	n	мультфильм	
6	Module 7	7c Famous firsts	death	n	смерть	
6	Module 7	7c Famous firsts	die	v	умирать	
6	Module 7	7c Famous firsts	garage	n	гараж	
6	Module 7	7c Famous firsts	generation	n	поколение	
6	Module 7	7c Famous firsts	live on	phr v	продолжать жить	
6	Module 7	7c Famous firsts	receive	v	получать	
6	Module 7	7c Famous firsts	sketch	n	эскиз, набросок	
6	Module 7	7c Famous firsts	studio	n	студия	
6	Module 7	7c Famous firsts	academy award		премия Академии («Оскар»)	
6	Module 7	7c Famous firsts	in his lifetime		при жизни	
6	Module 7	7c Famous firsts	in total		всего, в сумме	
6	Module 7	7c Famous firsts	sound film		звуковой фильм	
6	Module 7	7d Culture Corner	able	adj	способный	
6	Module 7	7d Culture Corner	adopt	v	усыновлять	
6	Module 7	7d Culture Corner	adult	n	взрослый	
6	Module 7	7d Culture Corner	Batman	n	Бэтмен	
6	Module 7	7d Culture Corner	bullet	n	пуля	
6	Module 7	7d Culture Corner	cape	n	накидка с капюшоном	
6	Module 7	7d Culture Corner	fantasy	n	фантазия	
6	Module 7	7d Culture Corner	farmer	n	фермер	
6	Module 7	7d Culture Corner	helpless	adj	беспомощный	
6	Module 7	7d Culture Corner	just	adj	справедливый	
6	Module 7	7d Culture Corner	invisible	adj	невидимый	
6	Module 7	7d Culture Corner	leap	v	перепрыгивать	
6	Module 7	7d Culture Corner	make up	phr v	выдумывать	
6	Module 7	7d Culture Corner	powerful	adj	сильный	
6	Module 7	7d Culture Corner	rescue	v	спасать	
6	Module 7	7d Culture Corner	rocket	n	ракета	
6	Module 7	7d Culture Corner	shy	adj	застенчивый	
6	Module 7	7d Culture Corner	smart	adj	умный	
6	Module 7	7d Culture Corner	Spiderman	n	Человек-паук	
6	Module 7	7d Culture Corner	Superman	n	Супермен	
6	Module 7	7d Culture Corner	superhero	n	супергерой	
6	Module 7	7d Culture Corner	Zorro	n	Зорро	
6	Module 7	7d Culture Corner	trunks	n	плавки	
6	Module 7	7d Culture Corner	unpopular	adj	непопулярный	
6	Module 7	7d Culture Corner	American dream		американская мечта	
6	Module 7	7d Culture Corner	fight criminals		бороться с преступниками	
6	Module 7	7d Culture Corner	fire heat vision		стрелять огненными лучами	
6	Module 7	7d Culture Corner	gain strength		получать силу	
6	Module 7	7d Culture Corner	in order to		с целью, чтобы	
6	Module 7	Use of English/Extensive Reading 7	century	n	век	
6	Module 7	Use of English/Extensive Reading 7	common	adj	распространенный	
6	Module 7	Use of English/Extensive Reading 7	familiar	adj	хорошо знакомый	
6	Module 7	Use of English/Extensive Reading 7	handle	n	ручка	
6	Module 7	Use of English/Extensive Reading 7	imagination	n	воображение	
6	Module 7	Use of English/Extensive Reading 7	item	n	предмет	
6	Module 7	Use of English/Extensive Reading 7	leather	n	кожа	
6	Module 7	Use of English/Extensive Reading 7	poor	adj	бедный	
6	Module 7	Use of English/Extensive Reading 7	report	v	сообщать	
6	Module 7	Use of English/Extensive Reading 7	at the touch of		прикосновением, нажатием	
6	Module 7	Use of English/Extensive Reading 7	build bricks		строить из кубиков	
6	Module 7	Use of English/Extensive Reading 7	clay and wax		глина и воск	
6	Module 7	Use of English/Extensive Reading 7	lost property office		бюро находок	
6	Module 7	Use of English/Extensive Reading 7	rocking horse		конь-качалка	
6	Module 7	Use of English/Extensive Reading 7	run a home		вести хозяйство	
6	Module 7	Use of English/Extensive Reading 7	the Victorian times		Викторианская эпоха	
6	Module 7	Use of English/Extensive Reading 7	throughout the ages		через годы	
6	Module 7	Use of English/Extensive Reading 7	tool kit		набор инструментов	
6	Module 8	8a That's the rule	accommodation	n	размещение, расселение	
6	Module 8	8a That's the rule	barefoot	adv	босиком	
6	Module 8	8a That's the rule	campus	n	территория (школы и т. п.)	
6	Module 8	8a That's the rule	cottage	n	коттедж	
6	Module 8	8a That's the rule	hotel	n	гостиница	
6	Module 8	8a That's the rule	palace	n	дворец	
6	Module 8	8a That's the rule	poster	n	плакат	
6	Module 8	8a That's the rule	premise	n	помещение	
6	Module 8	8a That's the rule	squirrel	n	белка	
6	Module 8	8a That's the rule	student	n	учащийся	
6	Module 8	8a That's the rule	tidy	adj	опрятный, чистый	
6	Module 8	8a That's the rule	get permission		получать разрешение	
6	Module 8	8a That's the rule	it's forbidden		это запрещено	
6	Module 8	8a That's the rule	it's (not) allowed		это (не) разрешено	
6	Module 8	8a That's the rule	kitchen appliances		кухонное оборудование	
6	Module 8	8a That's the rule	make noise		шуметь	
6	Module 8	8a That's the rule	outdoor area		прилегающая территория	
6	Module 8	8a That's the rule	register overnight guests		регистрировать гостей, остающихся на ночь	
6	Module 8	8a That's the rule	remove food from		выносить еду из	
6	Module 8	8a That's the rule	school building		здание школы	
6	Module 8	8a That's the rule	types of dwelling		типы жилищ	
6	Module 8	8a That's the rule	university halls of residence		университетское общежитие	
6	Module 8	8a That's the rule	block of flats		многоквартирный дом	
6	Module 8	8a That's the rule	feed animals		кормить животных	
6	Module 8	8b Shall we?	aquarium	n	аквариум	
6	Module 8	8b Shall we?	colleague	n	коллега	
6	Module 8	8b Shall we?	experienced	adj	опытный	
6	Module 8	8b Shall we?	friendly	adj	дружелюбный	
6	Module 8	8b Shall we?	glamorous	adj	обаятельный	
6	Module 8	8b Shall we?	gym	n	спортивный зал	
6	Module 8	8b Shall we?	intelligent	adj	умный	
6	Module 8	8b Shall we?	pretty	adj	приятный, симпатичный	
6	Module 8	8b Shall we?	relax	v	отдыхать	
6	Module 8	8b Shall we?	serve	v	подавать (на стол)	
6	Module 8	8b Shall we?	stadium	n	стадион	
6	Module 8	8b Shall we?	Are you joking?		Вы шутите?	
6	Module 8	8b Shall we?	Are you serious?		Вы серьезно?	
6	Module 8	8b Shall we?	come on		давай(те)	
6	Module 8	8b Shall we?	department store		универмаг	
6	Module 8	8b Shall we?	fast food (restaurant)		ресторан быстрого обслуживания	
6	Module 8	8b Shall we?	have a snack		перекусывать	
6	Module 8	8b Shall we?	smoked salmon		копченый лосось	
6	Module 8	8b Shall we?	sports centre		спортивный центр	
6	Module 8	8b Shall we?	swimming pool		бассейн	
6	Module 8	8b Shall we?	What do you feel like doing?		Чем бы ты хотел заняться?	
6	Module 8	8c Rules & Regulations	bedsheet	n	простыня	
6	Module 8	8c Rules & Regulations	comfortable	adj	удобный	
6	Module 8	8c Rules & Regulations	own	adj	собственный	
6	Module 8	8c Rules & Regulations	rent	v	арендовать	
6	Module 8	8d Culture Corner	amazing	adj	изумительный	
6	Module 8	8d Culture Corner	complete	v	заканчивать, завершать	
6	Module 8	8d Culture Corner	floor	n	этаж	
6	Module 8	8d Culture Corner	ground	n	земля	
6	Module 8	8d Culture Corner	historic	adj	исторический	
6	Module 8	8d Culture Corner	metre	n	метр	
6	Module 8	8d Culture Corner	observatory	n	смотровая площадка	
6	Module 8	8d Culture Corner	occasion	n	случай	
6	Module 8	8d Culture Corner	step	n	шаг	
6	Module 8	8d Culture Corner	visitor	n	посетитель	
6	Module 8	8d Culture Corner	depending on the occasion		в зависимости от ситуации	
6	Module 8	8d Culture Corner	office space		офисное пространство	
6	Module 8	Use of English/Extensive Reading 8	broken	adj	сломанный	
6	Module 8	Use of English/Extensive Reading 8	collect	v	собирать, коллекционировать	
6	Module 8	Use of English/Extensive Reading 8	damaged	adj	поврежденный	
6	Module 8	Use of English/Extensive Reading 8	front	n	передняя сторона (чего-либо)	
6	Module 8	Use of English/Extensive Reading 8	graffiti	n	граффити	
6	Module 8	Use of English/Extensive Reading 8	expire	v	истекать	
6	Module 8	Use of English/Extensive Reading 8	litter	n	мусор	
6	Module 8	Use of English/Extensive Reading 8	look after	phr v	ухаживать за кем-либо, чем-либо	
6	Module 8	Use of English/Extensive Reading 8	messy	adj	запачканный, грязный	
6	Module 8	Use of English/Extensive Reading 8	pay (paid)	v irr.	платить	
6	Module 8	Use of English/Extensive Reading 8	performance	n	представление, постановка	
6	Module 8	Use of English/Extensive Reading 8	questionnaire	n	анкета	
6	Module 8	Use of English/Extensive Reading 8	receptionist	n	администратор	
6	Module 8	Use of English/Extensive Reading 8	row	n	ряд	
6	Module 8	Use of English/Extensive Reading 8	seat	n	место	
6	Module 8	Use of English/Extensive Reading 8	show	n	спектакль, шоу	
6	Module 8	Use of English/Extensive Reading 8	swing	n	качели	
6	Module 8	Use of English/Extensive Reading 8	book tickets		заказывать билеты	
6	Module 8	Use of English/Extensive Reading 8	out of order		в нерабочем состоянии	
6	Module 8	Use of English/Extensive Reading 8	rubbish bins		урны	
6	Module 8	Use of English/Extensive Reading 8	ticket counter		билетная касса	
6	Module 8	Use of English/Extensive Reading 8	you're on the right track		вы на правильном пути	
6	Module 9	9a Food & Drink	biscuit	n	печенье	
6	Module 9	9a Food & Drink	bitter	adj	горький	
6	Module 9	9a Food & Drink	carrot	n	морковь	
6	Module 9	9a Food & Drink	cereal	n	крупа	
6	Module 9	9a Food & Drink	chocolate	n	шоколад	
6	Module 9	9a Food & Drink	cuisine	n	кухня	
6	Module 9	9a Food & Drink	dairy	adj	молочный	
6	Module 9	9a Food & Drink	dessert	n	десерт	
6	Module 9	9a Food & Drink	either	pron	тоже (в отрицательных предложениях)	
6	Module 9	9a Food & Drink	gravy	n	подливка	
6	Module 9	9a Food & Drink	home-made	adj	домашнего приготовления	
6	Module 9	9a Food & Drink	honey	n	мед	
6	Module 9	9a Food & Drink	hot	adj	горячий	
6	Module 9	9a Food & Drink	lamb	n	ягненок	
6	Module 9	9a Food & Drink	meat	n	мясо	
6	Module 9	9a Food & Drink	onion	n	лук	
6	Module 9	9a Food & Drink	pepper	n	перец	
6	Module 9	9a Food & Drink	potato	n	картофель	
6	Module 9	9a Food & Drink	poultry	n	домашняя птица	
6	Module 9	9a Food & Drink	pound	n	фунт (о весе, 453 грамма)	
6	Module 9	9a Food & Drink	pudding	n	пудинг	
6	Module 9	9a Food & Drink	salty	adj	соленый	
6	Module 9	9a Food & Drink	sausage	n	сосиска, колбаса	
6	Module 9	9a Food & Drink	sour	adj	кислый	
6	Module 9	9a Food & Drink	spicy	adj	острый	
6	Module 9	9a Food & Drink	starter	n	закуска	
6	Module 9	9a Food & Drink	sweet	adj	сладкий	
6	Module 9	9a Food & Drink	takeaway	n	блюдо с доставкой на дом	
6	Module 9	9a Food & Drink	toast	n	тост (поджаренный хлеб)	
6	Module 9	9a Food & Drink	tomato	n	помидор	
6	Module 9	9a Food & Drink	trifle	n	бисквит со взбитыми сливками	
6	Module 9	9a Food & Drink	vegetables	n pl	овощи	
6	Module 9	9a Food & Drink	yoghurt	n	йогурт	
6	Module 9	9a Food & Drink	bacon and eggs		яичница с беконом	
6	Module 9	9a Food & Drink	chilli con carne		чили кон карне (второе блюдо, популярно в Великобритании)	
6	Module 9	9a Food & Drink	fish and chips		рыба с жареным картофелем	
6	Module 9	9a Food & Drink	main course		основное (горячее) блюдо	
6	Module 9	9a Food & Drink	olive oil		оливковое масло	
6	Module 9	9a Food & Drink	packed lunch		ланч с собой	
6	Module 9	9a Food & Drink	roast beef		ростбиф	
6	Module 9	9a Food & Drink	rush to work		спешить на работу	
6	Module 9	9a Food & Drink	shepherd's pie		картофельная запеканка с мясом	
6	Module 9	9a Food & Drink	spaghetti bolognaise		спагетти с соусом Болонез	
6	Module 9	9b On the menu	bean	n	боб, фасоль	
6	Module 9	9b On the menu	beef	n	говядина	
6	Module 9	9b On the menu	celery	n	сельдерей	
6	Module 9	9b On the menu	crisps	n	чипсы	
6	Module 9	9b On the menu	diet	n	диета	
6	Module 9	9b On the menu	greens	n	зелень	
6	Module 9	9b On the menu	melon	n	дыня	
6	Module 9	9b On the menu	mushroom	n	гриб	
6	Module 9	9b On the menu	pie	n	пирог	
6	Module 9	9b On the menu	steak	n	мясо (стейк)	
6	Module 9	9b On the menu	waiter	n	официант	
6	Module 9	9b On the menu	add	v	добавлять	
6	Module 9	9b On the menu	boil	v	кипятить	
6	Module 9	9b On the menu	dice	v	нарезать кубиками	
6	Module 9	9b On the menu	fry	v	жарить	
6	Module 9	9b On the menu	mix	v	перемешать	
6	Module 9	9b On the menu	peel	v	очищать	
6	Module 9	9b On the menu	pour	v	наливать	
6	Module 9	9b On the menu	preheat	v	разогревать	
6	Module 9	9b On the menu	stir	v	размешивать	
6	Module 9	9b On the menu	taste	v	пробовать	
6	Module 9	9b On the menu	pasta	n	паста, макароны	
6	Module 9	9b On the menu	spice	n	специя, пряность	
6	Module 9	9b On the menu	be on a diet		быть на диете	
6	Module 9	9b On the menu	chef's salad		салат от шеф-повара	
6	Module 9	9b On the menu	grilled chicken		жареная курица	
6	Module 9	9b On the menu	milk shake		молочный коктейль	
6	Module 9	9b On the menu	sirloin steak		стейк из филе	
6	Module 9	9c Let's cook!	bowl	n	миска	
6	Module 9	9c Let's cook!	carton	n	пакет	
6	Module 9	9c Let's cook!	degree	n	градус	
6	Module 9	9c Let's cook!	flour	n	мука	
6	Module 9	9c Let's cook!	jar	n	банка	
6	Module 9	9c Let's cook!	kilo	n	килограмм	
6	Module 9	9c Let's cook!	loaf	n	батон	
6	Module 9	9c Let's cook!	melt	n	растапливать, растворять	
6	Module 9	9c Let's cook!	mixture	n	смесь	
6	Module 9	9c Let's cook!	muffin	n	кекс	
6	Module 9	9c Let's cook!	packet	n	пакет, пачка	
6	Module 9	9c Let's cook!	portion	n	порция	
6	Module 9	9c Let's cook!	raisin	n	изюм	
6	Module 9	9c Let's cook!	receipt	n	чек, квитанция	
6	Module 9	9c Let's cook!	recipe	n	рецепт (кулинарный)	
6	Module 9	9c Let's cook!	tablespoon (tbsp)	n	столовая ложка	
6	Module 9	9c Let's cook!	teaspoon (tsp)	n	чайная ложка	
6	Module 9	9c Let's cook!	baking powder		разрыхлитель теста	
6	Module 9	9c Let's cook!	baking soda		пищевая сода	
6	Module 9	9c Let's cook!	shopping list		список покупок	
6	Module 9	9d Culture Corner	anniversary	n	юбилей, памятная дата	
6	Module 9	9d Culture Corner	pastries	n	выпечка	
6	Module 9	9d Culture Corner	vinegar	n	уксус	
6	Module 9	9d Culture Corner	herb sauce		соус из трав	
6	Module 9	English in Use/Extensive Reading 9	fibre	n	мышечная ткань	
6	Module 9	English in Use/Extensive Reading 9	grains	n	злаки, зерно	
6	Module 9	English in Use/Extensive Reading 9	healthy	adj	здоровый	
6	Module 9	English in Use/Extensive Reading 9	iron	n	железо	
6	Module 9	English in Use/Extensive Reading 9	protein	n	белок	
6	Module 9	English in Use/Extensive Reading 9	potassium	n	калий	
6	Module 9	English in Use/Extensive Reading 9	protect	v	защищать	
6	Module 9	English in Use/Extensive Reading 9	vitamin	n	витамин	
6	Module 9	English in Use/Extensive Reading 9	wisely	adv	разумно, мудро	
6	Module 9	English in Use/Extensive Reading 9	be based on		быть основанным на	
6	Module 9	English in Use/Extensive Reading 9	reserve a table		зарезервировать столик	
6	Module 10	10a Holiday plans	caviar	n	икра	
6	Module 10	10a Holiday plans	collection	n	коллекция, собрание	
6	Module 10	10a Holiday plans	couple	n	пара	
6	Module 10	10a Holiday plans	exotic	adj	экзотический	
6	Module 10	10a Holiday plans	flood	n	наводнение	
6	Module 10	10a Holiday plans	species	n	вид	
6	Module 10	10a Holiday plans	terrific	adj	прекрасный, отличный	
6	Module 10	10a Holiday plans	tomb	n	мавзолей	
6	Module 10	10a Holiday plans	attend a performance		посещать представление	
6	Module 10	10a Holiday plans	buy souvenirs		покупать сувениры	
6	Module 10	10a Holiday plans	go on a boat cruise		ехать в круиз (на теплоходе)	
6	Module 10	10a Holiday plans	go/do sightseeing		осматривать достопримечательности	
6	Module 10	10a Holiday plans	hire a car		брать автомобиль напрокат	
6	Module 10	10a Holiday plans	holiday activities		занятия на отдыхе	
6	Module 10	10a Holiday plans	next month		в следующем месяце	
6	Module 10	10a Holiday plans	post some letters		отправлять письма по почте	
6	Module 10	10a Holiday plans	rent a boat		брать лодку напрокат	
6	Module 10	10a Holiday plans	stay in a luxurious hotel		останавливаться в роскошом отеле	sic: так в учебнике (роскошом)
6	Module 10	10a Holiday plans	taste local food		пробовать местную еду	
6	Module 10	10a Holiday plans	travel abroad		путешествовать за границей	
6	Module 10	10b What's the weather like?	borrow	v	взять на время	
6	Module 10	10b What's the weather like?	chilly	adj	прохладный	
6	Module 10	10b What's the weather like?	cloud	n	облако	
6	Module 10	10b What's the weather like?	cloudy	adj	облачный	
6	Module 10	10b What's the weather like?	fog	n	туман	
6	Module 10	10b What's the weather like?	foggy	adj	туманный	
6	Module 10	10b What's the weather like?	hang on	phr v	подождать	
6	Module 10	10b What's the weather like?	hurry	v	торопиться, спешить	
6	Module 10	10b What's the weather like?	jacket	n	куртка	
6	Module 10	10b What's the weather like?	rainy	adj	дождливый	
6	Module 10	10b What's the weather like?	raincoat	n	плащ	
6	Module 10	10b What's the weather like?	sandal	n	сандалия	
6	Module 10	10b What's the weather like?	scarf	n	шарф	
6	Module 10	10b What's the weather like?	shirt	n	рубашка	
6	Module 10	10b What's the weather like?	shorts	n pl	шорты	
6	Module 10	10b What's the weather like?	skirt	n	юбка	
6	Module 10	10b What's the weather like?	snowy	adj	снежный	
6	Module 10	10b What's the weather like?	storm	n	ураган, буря, гроза	
6	Module 10	10b What's the weather like?	stormy	adj	штормовой, бурный	
6	Module 10	10b What's the weather like?	sunny	adj	солнечный	
6	Module 10	10b What's the weather like?	sweater	n	свитер	
6	Module 10	10b What's the weather like?	top	n	топ	
6	Module 10	10b What's the weather like?	trainers	n pl	кроссовки	
6	Module 10	10b What's the weather like?	trousers	n pl	брюки	
6	Module 10	10b What's the weather like?	T-shirt	n	футболка, тенниска	
6	Module 10	10b What's the weather like?	wet	adj	мокрый, влажный	
6	Module 10	10b What's the weather like?	windy	adj	ветреный	
6	Module 10	10b What's the weather like?	boiling hot		очень жарко	
6	Module 10	10b What's the weather like?	brand new		совершенно новый	
6	Module 10	10b What's the weather like?	day off		выходной	
6	Module 10	10b What's the weather like?	freezing cold		очень холодно	
6	Module 10	10b What's the weather like?	get soaked		промокнуть	
6	Module 10	10c Weekend fun	fabulous	adj	потрясающий	
6	Module 10	10c Weekend fun	head back home		направляться домой	
6	Module 10	10c Weekend fun	look forward to smth./doing smth.		ожидать чего-либо с нетерпением	
6	Module 10	10c Weekend fun	run errands		выполнять задания, поручения	
6	Module 10	10d Culture Corner	accurate	adj	точный	
6	Module 10	10d Culture Corner	admire	v	восхищаться	
6	Module 10	10d Culture Corner	architecture	n	архитектура	
6	Module 10	10d Culture Corner	bagpipes	n	волынка	
6	Module 10	10d Culture Corner	band	n	оркестр	
6	Module 10	10d Culture Corner	castle	n	замок	
6	Module 10	10d Culture Corner	chant	v	петь, воспевать	
6	Module 10	10d Culture Corner	childhood	n	детство	
6	Module 10	10d Culture Corner	except	prep	за исключением	
6	Module 10	10d Culture Corner	experience	v	испытать	
6	Module 10	10d Culture Corner	fire	v	стрелять	
6	Module 10	10d Culture Corner	kilt	n	килт (шотландская мужская юбка)	
6	Module 10	10d Culture Corner	lifetime	n	целая жизнь	
6	Module 10	10d Culture Corner	military	adj	военный	
6	Module 10	10d Culture Corner	musician	n	музыкант	
6	Module 10	10d Culture Corner	object	n	предмет, вещь	
6	Module 10	10d Culture Corner	piper	n	волынщик	
6	Module 10	10d Culture Corner	provide	v	обеспечивать	
6	Module 10	10d Culture Corner	tour	v	тур	
6	Module 10	10d Culture Corner	transparent	adj	прозрачный	
6	Module 10	10d Culture Corner	treasure	n	сокровище	
6	Module 10	10d Culture Corner	tricycle	n	трехколесный велосипед	
6	Module 10	10d Culture Corner	tunnel	n	туннель	
6	Module 10	10d Culture Corner	crown jewels		драгоценности короны	
6	Module 10	10d Culture Corner	folk music		народная музыка	
6	Module 10	10d Culture Corner	hot air balloon		воздушный шар	
6	Module 10	10d Culture Corner	multiplication table		таблица умножения	
6	Module 10	10d Culture Corner	range from		выстраивать(ся)	
6	Module 10	10d Culture Corner	remind smb. of smth.		напоминать кому-либо о чем-либо	
6	Module 10	10d Culture Corner	sea life		морская жизнь	
6	Module 10	10d Culture Corner	underwater safari		подводное сафари	
6	Module 10	English in Use/Extensive Reading 10	check in/out	phr v	зарегистрироваться/выписаться из гостиницы	
6	Module 10	English in Use/Extensive Reading 10	crash	v	разбиваться	
6	Module 10	English in Use/Extensive Reading 10	dunes	n pl	дюны	
6	Module 10	English in Use/Extensive Reading 10	grind	v	стирать в порошок	
6	Module 10	English in Use/Extensive Reading 10	pebbles	n	галька	
6	Module 10	English in Use/Extensive Reading 10	stretch	n	участок, полоса	
6	Module 10	English in Use/Extensive Reading 10	reservation	n	резервирование, бронирование	
6	Module 10	English in Use/Extensive Reading 10	ultimate	adj	максимальный, наивысший	
6	Module 10	English in Use/Extensive Reading 10	volcano	n	вулканы	
6	Module 10	English in Use/Extensive Reading 10	double room		номер на двоих	
6	Module 10	English in Use/Extensive Reading 10	en suite bathroom		совмещенная ванная	
6	Module 10	English in Use/Extensive Reading 10	per night		за ночь	
6	Module 10	English in Use/Extensive Reading 10	single room		номер на одного	
