folder	deck	module	section	term	translation	image
Module 1	Starter Unit	Starter Unit		activity	деятельность	none
Module 1	Starter Unit	Starter Unit		back together	снова вместе	none
Module 1	Starter Unit	Starter Unit		feel	чувствовать	none
Module 1	Starter Unit	Starter Unit		hope	надеяться	none
Module 1	Starter Unit	Starter Unit		join	присоединяться	none
Module 1	Starter Unit	Starter Unit		remember	помнить	reuse:1507
Module 1	Starter Unit	Starter Unit		same	тот же, такой же	none
Module 1	Unit 1: One big happy family! · вещи	Module 1	Unit 1: One big happy family!	camera	фотоаппарат	reuse:684
Module 1	Unit 1: One big happy family! · вещи	Module 1	Unit 1: One big happy family!	CD	компакт-диск	new
Module 1	Unit 1: One big happy family! · внешность и характер	Module 1	Unit 1: One big happy family!	friendly	дружелюбный	reuse:581
Module 1	Unit 1: One big happy family! · вещи	Module 1	Unit 1: One big happy family!	glove	перчатка	new
Module 1	Unit 1: One big happy family! · вещи	Module 1	Unit 1: One big happy family!	guitar	гитара	reuse:58
Module 1	Unit 1: One big happy family! · вещи	Module 1	Unit 1: One big happy family!	hairbrush	расческа	new
Module 1	Unit 1: One big happy family! · вещи	Module 1	Unit 1: One big happy family!	key	ключ	new
Module 1	Unit 1: One big happy family! · внешность и характер	Module 1	Unit 1: One big happy family!	kind	добрый	reuse:737
Module 1	Unit 1: One big happy family! · вещи	Module 1	Unit 1: One big happy family!	mobile phone	мобильный телефон	reuse:356
Module 1	Unit 1: One big happy family! · вещи	Module 1	Unit 1: One big happy family!	roller blades	роликовые коньки	new
Module 1	Unit 1: One big happy family! · внешность и характер	Module 1	Unit 1: One big happy family!	slim	стройный	reuse:1739
Module 1	Unit 1: One big happy family! · внешность и характер	Module 1	Unit 1: One big happy family!	sporty	спортивный	reuse:585
Module 1	Unit 1: One big happy family! · внешность и характер	Module 1	Unit 1: One big happy family!	vet	ветеринар	reuse:782
Module 1	Unit 1: One big happy family! · вещи	Module 1	Unit 1: One big happy family!	watch	часы	reuse:282
Module 1	Unit 1: One big happy family! · внешность и характер	Module 1	Unit 1: One big happy family!	What does he look like?	Как он выглядит?	none
Module 1	Unit 1: One big happy family! · внешность и характер	Module 1	Unit 1: One big happy family!	What's he like?	Какой у него характер?	none
Module 1	Unit 2: My best friend!	Module 1	Unit 2: My best friend!	best friend	лучший друг	reuse:2467
Module 1	Unit 2: My best friend!	Module 1	Unit 2: My best friend!	both	оба	none
Module 1	Unit 2: My best friend!	Module 1	Unit 2: My best friend!	crew	команда	new
Module 1	Unit 2: My best friend!	Module 1	Unit 2: My best friend!	dive	нырять	reuse:589
Module 1	Unit 2: My best friend!	Module 1	Unit 2: My best friend!	glue	клей	reuse:4275
Module 1	Unit 2: My best friend!	Module 1	Unit 2: My best friend!	play the violin	играть на скрипке	new
Module 1	Unit 2: My best friend!	Module 1	Unit 2: My best friend!	plump	полный, пухлый	new
Module 1	Unit 2: My best friend!	Module 1	Unit 2: My best friend!	quite	довольно	reuse:2260
Module 1	Unit 2: My best friend!	Module 1	Unit 2: My best friend!	skate	кататься на коньках	reuse:1511
Module 1	Unit 2: My best friend!	Module 1	Unit 2: My best friend!	ski	кататься на лыжах	new
Module 1	Unit 2: My best friend!	Module 1	Unit 2: My best friend!	sound	звук	none
Module 1	Unit 2: My best friend!	Module 1	Unit 2: My best friend!	stick together	держаться вместе	none
Module 1	Unit 2: My best friend!	Module 1	Unit 2: My best friend!	surf	заниматься серфингом	new
Module 2	Unit 3: The Animal Hospital · дела и как часто	Module 2	Unit 3: The Animal Hospital	always	всегда	none
Module 2	Unit 3: The Animal Hospital · дела и как часто	Module 2	Unit 3: The Animal Hospital	bake	выпекать	reuse:940
Module 2	Unit 3: The Animal Hospital · профессии	Module 2	Unit 3: The Animal Hospital	baker	пекарь, булочник	new
Module 2	Unit 3: The Animal Hospital · места	Module 2	Unit 3: The Animal Hospital	baker's	булочная	reuse:871
Module 2	Unit 3: The Animal Hospital · дела и как часто	Module 2	Unit 3: The Animal Hospital	carry	носить	new
Module 2	Unit 3: The Animal Hospital · дела и как часто	Module 2	Unit 3: The Animal Hospital	clean	убирать(ся)	mismatch
Module 2	Unit 3: The Animal Hospital · дела и как часто	Module 2	Unit 3: The Animal Hospital	curtain	штора	new
Module 2	Unit 3: The Animal Hospital · дела и как часто	Module 2	Unit 3: The Animal Hospital	fix	чинить, ремонтировать	reuse:591
Module 2	Unit 3: The Animal Hospital · места	Module 2	Unit 3: The Animal Hospital	garage	гараж	reuse:538
Module 2	Unit 3: The Animal Hospital · дела и как часто	Module 2	Unit 3: The Animal Hospital	go shopping	ходить по магазинам	reuse:1706
Module 2	Unit 3: The Animal Hospital · профессии	Module 2	Unit 3: The Animal Hospital	greengrocer	продавец овощей и фруктов	new
Module 2	Unit 3: The Animal Hospital · места	Module 2	Unit 3: The Animal Hospital	greengrocer's	овощной магазин	reuse:876
Module 2	Unit 3: The Animal Hospital · места	Module 2	Unit 3: The Animal Hospital	hospital	больница	reuse:24
Module 2	Unit 3: The Animal Hospital · дела и как часто	Module 2	Unit 3: The Animal Hospital	injection	укол	new
Module 2	Unit 3: The Animal Hospital · профессии	Module 2	Unit 3: The Animal Hospital	mechanic	механик	reuse:1951
Module 2	Unit 3: The Animal Hospital · дела и как часто	Module 2	Unit 3: The Animal Hospital	never	никогда	none
Module 2	Unit 3: The Animal Hospital · профессии	Module 2	Unit 3: The Animal Hospital	nurse	медсестра	reuse:367
Module 2	Unit 3: The Animal Hospital · дела и как часто	Module 2	Unit 3: The Animal Hospital	play sports	заниматься спортом (спортивные игры)	new
Module 2	Unit 3: The Animal Hospital · места	Module 2	Unit 3: The Animal Hospital	post office	почта	reuse:753
Module 2	Unit 3: The Animal Hospital · профессии	Module 2	Unit 3: The Animal Hospital	postman	почтальон	new
Module 2	Unit 3: The Animal Hospital · дела и как часто	Module 2	Unit 3: The Animal Hospital	serve	подавать на стол, обслуживать	reuse:3171
Module 2	Unit 3: The Animal Hospital · дела и как часто	Module 2	Unit 3: The Animal Hospital	sick	больной	reuse:2097
Module 2	Unit 3: The Animal Hospital · дела и как часто	Module 2	Unit 3: The Animal Hospital	sometimes	иногда	none
Module 2	Unit 3: The Animal Hospital · места	Module 2	Unit 3: The Animal Hospital	station	вокзал, станция	reuse:1682
Module 2	Unit 3: The Animal Hospital · дела и как часто	Module 2	Unit 3: The Animal Hospital	usually	обычно	none
Module 2	Unit 3: The Animal Hospital · профессии	Module 2	Unit 3: The Animal Hospital	waiter	официант	reuse:1662
Module 2	Unit 3: The Animal Hospital · дела и как часто	Module 2	Unit 3: The Animal Hospital	wake (up)	просыпаться	new
Module 2	Unit 3: The Animal Hospital · дела и как часто	Module 2	Unit 3: The Animal Hospital	wash the dishes	мыть посуду	reuse:789
Module 2	Unit 4: Work and play! · спорт	Module 2	Unit 4: Work and play!	badminton	бадминтон	reuse:81
Module 2	Unit 4: Work and play! · спорт	Module 2	Unit 4: Work and play!	baseball	бейсбол	reuse:85
Module 2	Unit 4: Work and play! · профессии	Module 2	Unit 4: Work and play!	doctor	врач	reuse:364
Module 2	Unit 4: Work and play! · профессии	Module 2	Unit 4: Work and play!	firefighter	пожарный	reuse:1357
Module 2	Unit 4: Work and play! · спорт	Module 2	Unit 4: Work and play!	free time	свободное время	none
Module 2	Unit 4: Work and play! · спорт	Module 2	Unit 4: Work and play!	hockey	хоккей	reuse:89
Module 2	Unit 4: Work and play! · другие слова	Module 2	Unit 4: Work and play!	meal	приём пищи	new
Module 2	Unit 4: Work and play! · другие слова	Module 2	Unit 4: Work and play!	parcel	посылка	new
Module 2	Unit 4: Work and play! · профессии	Module 2	Unit 4: Work and play!	police officer	полицейский	reuse:778
Module 2	Unit 4: Work and play! · другие слова	Module 2	Unit 4: Work and play!	polite	вежливый	reuse:1068
Module 2	Unit 4: Work and play! · другие слова	Module 2	Unit 4: Work and play!	postcard	почтовая открытка	reuse:4360
Module 2	Unit 4: Work and play! · спорт	Module 2	Unit 4: Work and play!	sports centre	спортивный центр	reuse:755
Module 2	Unit 4: Work and play! · другие слова	Module 2	Unit 4: Work and play!	surprise	сюрприз	none
Module 2	Unit 4: Work and play! · другие слова	Module 2	Unit 4: Work and play!	take care of	заботиться о	none
Module 2	Unit 4: Work and play! · профессии	Module 2	Unit 4: Work and play!	taxi driver	водитель такси	new
Module 2	Unit 4: Work and play! · спорт	Module 2	Unit 4: Work and play!	volleyball	волейбол	reuse:86
Module 2	Unit 4: Work and play! · другие слова	Module 2	Unit 4: Work and play!	wait	ждать	none
Module 2	Unit 4: Work and play! · другие слова	Module 2	Unit 4: Work and play!	week	неделя	none
Module 2	Unit 4: Work and play! · спорт	Module 2	Unit 4: Work and play!	whistle	свистеть	reuse:4028
Module 2	Unit 4: Work and play! · профессии	Module 2	Unit 4: Work and play!	zoo keeper	смотритель зоопарка	new
Module 3	Unit 5: Pirate's fruit salad! · продукты и на кухне	Module 3	Unit 5: Pirate's fruit salad!	basket	корзина	new
Module 3	Unit 5: Pirate's fruit salad! · фрукты и овощи	Module 3	Unit 5: Pirate's fruit salad!	beans	бобы, горох	reuse:37
Module 3	Unit 5: Pirate's fruit salad! · продукты и на кухне	Module 3	Unit 5: Pirate's fruit salad!	butter	масло	reuse:451
Module 3	Unit 5: Pirate's fruit salad! · фрукты и овощи	Module 3	Unit 5: Pirate's fruit salad!	coconut	кокос	reuse:12
Module 3	Unit 5: Pirate's fruit salad! · продукты и на кухне	Module 3	Unit 5: Pirate's fruit salad!	easy	легкий, простой	reuse:726
Module 3	Unit 5: Pirate's fruit salad! · продукты и на кухне	Module 3	Unit 5: Pirate's fruit salad!	flour	мука	reuse:454
Module 3	Unit 5: Pirate's fruit salad! · фрукты и овощи	Module 3	Unit 5: Pirate's fruit salad!	lemon	лимон	reuse:455
Module 3	Unit 5: Pirate's fruit salad! · продукты и на кухне	Module 3	Unit 5: Pirate's fruit salad!	make sure	убедись	none
Module 3	Unit 5: Pirate's fruit salad! · фрукты и овощи	Module 3	Unit 5: Pirate's fruit salad!	mango	манго	reuse:1872
Module 3	Unit 5: Pirate's fruit salad! · продукты и на кухне	Module 3	Unit 5: Pirate's fruit salad!	olive oil	оливковое масло	new
Module 3	Unit 5: Pirate's fruit salad! · продукты и на кухне	Module 3	Unit 5: Pirate's fruit salad!	pass	передавать	none
Module 3	Unit 5: Pirate's fruit salad! · фрукты и овощи	Module 3	Unit 5: Pirate's fruit salad!	pepper	перец	reuse:1670
Module 3	Unit 5: Pirate's fruit salad! · фрукты и овощи	Module 3	Unit 5: Pirate's fruit salad!	pineapple	ананас	new
Module 3	Unit 5: Pirate's fruit salad! · продукты и на кухне	Module 3	Unit 5: Pirate's fruit salad!	put	класть	reuse:4151
Module 3	Unit 5: Pirate's fruit salad! · продукты и на кухне	Module 3	Unit 5: Pirate's fruit salad!	salt	соль	reuse:1672
Module 3	Unit 5: Pirate's fruit salad! · продукты и на кухне	Module 3	Unit 5: Pirate's fruit salad!	sugar	сахар	reuse:458
Module 3	Unit 5: Pirate's fruit salad! · продукты и на кухне	Module 3	Unit 5: Pirate's fruit salad!	tasty	вкусный	reuse:2949
Module 3	Unit 5: Pirate's fruit salad! · фрукты и овощи	Module 3	Unit 5: Pirate's fruit salad!	tomato	помидор	new
Module 3	Unit 5: Pirate's fruit salad! · продукты и на кухне	Module 3	Unit 5: Pirate's fruit salad!	treat	угощение, угощать	none
Module 3	Unit 6: Make a meal of it! · упаковка и количество	Module 3	Unit 6: Make a meal of it!	bar	плитка (шоколада)	new
Module 3	Unit 6: Make a meal of it! · еда	Module 3	Unit 6: Make a meal of it!	barbecue	барбекю	reuse:2411
Module 3	Unit 6: Make a meal of it! · еда	Module 3	Unit 6: Make a meal of it!	beef	говядина	new
Module 3	Unit 6: Make a meal of it! · упаковка и количество	Module 3	Unit 6: Make a meal of it!	bottle	бутылка	reuse:1664
Module 3	Unit 6: Make a meal of it! · упаковка и количество	Module 3	Unit 6: Make a meal of it!	carton	пакет	new
Module 3	Unit 6: Make a meal of it! · еда	Module 3	Unit 6: Make a meal of it!	cherry	вишня	new
Module 3	Unit 6: Make a meal of it! · еда	Module 3	Unit 6: Make a meal of it!	cookie	печенье	new
Module 3	Unit 6: Make a meal of it! · еда	Module 3	Unit 6: Make a meal of it!	dairy	молочный	new
Module 3	Unit 6: Make a meal of it! · еда	Module 3	Unit 6: Make a meal of it!	French fries	картофель фри	new
Module 3	Unit 6: Make a meal of it! · упаковка и количество	Module 3	Unit 6: Make a meal of it!	jar	банка	new
Module 3	Unit 6: Make a meal of it! · упаковка и количество	Module 3	Unit 6: Make a meal of it!	kilo	килограмм	new
Module 3	Unit 6: Make a meal of it! · еда	Module 3	Unit 6: Make a meal of it!	lamb	мясо молодого барашка	new
Module 3	Unit 6: Make a meal of it! · упаковка и количество	Module 3	Unit 6: Make a meal of it!	loaf	батон, буханка	new
Module 3	Unit 6: Make a meal of it! · еда	Module 3	Unit 6: Make a meal of it!	onion	лук	new
Module 3	Unit 6: Make a meal of it! · упаковка и количество	Module 3	Unit 6: Make a meal of it!	packet	коробка, пакет, пачка	new
Module 3	Unit 6: Make a meal of it! · еда	Module 3	Unit 6: Make a meal of it!	paella	паэлья (испанское блюдо)	new
Module 3	Unit 6: Make a meal of it! · еда	Module 3	Unit 6: Make a meal of it!	snack	закуска	new
Module 3	Unit 6: Make a meal of it! · еда	Module 3	Unit 6: Make a meal of it!	sushi	суши	new
Module 3	Unit 6: Make a meal of it! · еда	Module 3	Unit 6: Make a meal of it!	taste	пробовать	reuse:3395
Module 3	Unit 6: Make a meal of it! · упаковка и количество	Module 3	Unit 6: Make a meal of it!	tin	жестяная банка	new
Module 3	Unit 6: Make a meal of it! · еда	Module 3	Unit 6: Make a meal of it!	world	мир	new
Module 3	Unit 6: Make a meal of it! · еда	Module 3	Unit 6: Make a meal of it!	yogurt	йогурт	new
Module 4	Unit 7: Funny animals!	Module 4	Unit 7: Funny animals!	cookery book	кулинарная книга	new
Module 4	Unit 7: Funny animals!	Module 4	Unit 7: Funny animals!	giraffe	жираф	reuse:640
Module 4	Unit 7: Funny animals!	Module 4	Unit 7: Funny animals!	lazy	ленивый	reuse:1065
Module 4	Unit 7: Funny animals!	Module 4	Unit 7: Funny animals!	lunchtime	время обеда	reuse:3347
Module 4	Unit 7: Funny animals!	Module 4	Unit 7: Funny animals!	seal	тюлень	reuse:347
Module 4	Unit 7: Funny animals!	Module 4	Unit 7: Funny animals!	zoo	зоопарк	new
Module 4	Unit 8: Wild about animals! · путешествие	Module 4	Unit 8: Wild about animals!	a whale of a time	особенно приятное время	none
Module 4	Unit 8: Wild about animals! · путешествие	Module 4	Unit 8: Wild about animals!	amazing	удивительный	reuse:1768
Module 4	Unit 8: Wild about animals! · животные	Module 4	Unit 8: Wild about animals!	carnivore	плотоядное животное	new
Module 4	Unit 8: Wild about animals! · животные	Module 4	Unit 8: Wild about animals!	cuckoo	кукушка	new
Module 4	Unit 8: Wild about animals! · животные	Module 4	Unit 8: Wild about animals!	elephant seal	морской слон	new
Module 4	Unit 8: Wild about animals! · животные	Module 4	Unit 8: Wild about animals!	herbivore	травоядное животное	new
Module 4	Unit 8: Wild about animals! · путешествие	Module 4	Unit 8: Wild about animals!	journey	путешествие	new
Module 4	Unit 8: Wild about animals! · животные	Module 4	Unit 8: Wild about animals!	omnivore	всеядное животное	new
Module 4	Unit 8: Wild about animals! · животные	Module 4	Unit 8: Wild about animals!	panda	панда	reuse:1269
Module 4	Unit 8: Wild about animals! · путешествие	Module 4	Unit 8: Wild about animals!	passport	паспорт	reuse:1980
Module 4	Unit 8: Wild about animals! · животные	Module 4	Unit 8: Wild about animals!	plant	растение	reuse:556
Module 4	Unit 8: Wild about animals! · путешествие	Module 4	Unit 8: Wild about animals!	rubbish	мусор	reuse:2873
Module 4	Unit 8: Wild about animals! · путешествие	Module 4	Unit 8: Wild about animals!	suitcase	чемодан	reuse:809
Module 4	Unit 8: Wild about animals! · путешествие	Module 4	Unit 8: Wild about animals!	ticket	билет	reuse:1983
Другие разделы	Goldilocks and the Three Bears	Goldilocks and the Three Bears		break a rule	нарушать правило	new
Другие разделы	Goldilocks and the Three Bears	Goldilocks and the Three Bears		check	проверять	none
Другие разделы	Goldilocks and the Three Bears	Goldilocks and the Three Bears		curl	завиток	new
Другие разделы	Goldilocks and the Three Bears	Goldilocks and the Three Bears		fair	честный, справедливый	mismatch
Другие разделы	Goldilocks and the Three Bears	Goldilocks and the Three Bears		golden	золотистый	reuse:4250
Другие разделы	Goldilocks and the Three Bears	Goldilocks and the Three Bears		horrid	страшный, ужасный	none
Другие разделы	Goldilocks and the Three Bears	Goldilocks and the Three Bears		in a hurry	в спешке	none
Другие разделы	Goldilocks and the Three Bears	Goldilocks and the Three Bears		inside	внутри	new
Другие разделы	Goldilocks and the Three Bears	Goldilocks and the Three Bears		knock	стучать	new
Другие разделы	Goldilocks and the Three Bears	Goldilocks and the Three Bears		luck	удача	none
Другие разделы	Goldilocks and the Three Bears	Goldilocks and the Three Bears		mine	мой	none
Другие разделы	Goldilocks and the Three Bears	Goldilocks and the Three Bears		mistake	ошибка	reuse:2633
Другие разделы	Goldilocks and the Three Bears	Goldilocks and the Three Bears		naughty	непослушный	none
Другие разделы	Goldilocks and the Three Bears	Goldilocks and the Three Bears		never mind	неважно, не беда	none
Другие разделы	Goldilocks and the Three Bears	Goldilocks and the Three Bears		oats	овес	new
Другие разделы	Goldilocks and the Three Bears	Goldilocks and the Three Bears		on my way	по пути	none
Другие разделы	Goldilocks and the Three Bears	Goldilocks and the Three Bears		outside	снаружи	new
Другие разделы	Goldilocks and the Three Bears	Goldilocks and the Three Bears		porridge	каша	new
Другие разделы	Goldilocks and the Three Bears	Goldilocks and the Three Bears		pot	горшок	reuse:953
Другие разделы	Goldilocks and the Three Bears	Goldilocks and the Three Bears		remind	напоминать	reuse:3435
Другие разделы	Goldilocks and the Three Bears	Goldilocks and the Three Bears		return	возвращаться	none
Другие разделы	Goldilocks and the Three Bears	Goldilocks and the Three Bears		share	делиться	reuse:3374
Другие разделы	Goldilocks and the Three Bears	Goldilocks and the Three Bears		soft	мягкий	reuse:1309
Другие разделы	Goldilocks and the Three Bears	Goldilocks and the Three Bears		tune	мелодия	new
Другие разделы	Goldilocks and the Three Bears	Goldilocks and the Three Bears		wood	лес	mismatch
Другие разделы	Goldilocks and the Three Bears	Goldilocks and the Three Bears		worry	беспокоиться	none
Module 1	Culture Corner & Spotlight on Russia	Cultural Sections on English-speaking Countries	1. English-speaking countries of the world	capital (city)	столица	new
Module 2	Culture Corner & Spotlight on Russia	Cultural Sections on English-speaking Countries	2. A day in my life!	for a while	на время	none
Module 2	Culture Corner & Spotlight on Russia	Cultural Sections on English-speaking Countries	2. A day in my life!	is called	называется	none
Module 2	Culture Corner & Spotlight on Russia	Cultural Sections on English-speaking Countries	2. A day in my life!	project	проект	none
Module 3	Culture Corner & Spotlight on Russia	Cultural Sections on English-speaking Countries	3. What's for pudding?	almost	почти	none
Module 3	Culture Corner & Spotlight on Russia	Cultural Sections on English-speaking Countries	3. What's for pudding?	at least	по крайней мере	none
Module 3	Culture Corner & Spotlight on Russia	Cultural Sections on English-speaking Countries	3. What's for pudding?	bread pudding	пудинг	new
Module 3	Culture Corner & Spotlight on Russia	Cultural Sections on English-speaking Countries	3. What's for pudding?	dessert	десерт	new
Module 3	Culture Corner & Spotlight on Russia	Cultural Sections on English-speaking Countries	3. What's for pudding?	dinner	ужин	new
Module 3	Culture Corner & Spotlight on Russia	Cultural Sections on English-speaking Countries	3. What's for pudding?	ingredients	ингредиенты, состав	new
Module 3	Culture Corner & Spotlight on Russia	Cultural Sections on English-speaking Countries	3. What's for pudding?	jam tart	пирог с джемом	new
Module 3	Culture Corner & Spotlight on Russia	Cultural Sections on English-speaking Countries	3. What's for pudding?	lemon meringue	лимонная меренга	new
Module 3	Culture Corner & Spotlight on Russia	Cultural Sections on English-speaking Countries	3. What's for pudding?	simple	простой	none
Module 4	Culture Corner & Spotlight on Russia	Cultural Sections on English-speaking Countries	4. A walk in the wild	fun-loving	веселый	none
Module 4	Culture Corner & Spotlight on Russia	Cultural Sections on English-speaking Countries	4. A walk in the wild	hug	обнимать	reuse:4304
Module 4	Culture Corner & Spotlight on Russia	Cultural Sections on English-speaking Countries	4. A walk in the wild	river	река	reuse:342
Другие разделы	Arthur & Rascal	Arthur & Rascal		bark	лаять	new
Другие разделы	Arthur & Rascal	Arthur & Rascal		busy	занятой	reuse:1960
Другие разделы	Arthur & Rascal	Arthur & Rascal		celebrate	праздновать	reuse:4235
Другие разделы	Arthur & Rascal	Arthur & Rascal		fast food	еда, которая быстро готовится (бургеры, бутерброды, пицца и т. п.)	new
Другие разделы	Arthur & Rascal	Arthur & Rascal		hate	ненавидеть	none
Другие разделы	Arthur & Rascal	Arthur & Rascal		hungry	голодный	reuse:1454
Другие разделы	Arthur & Rascal	Arthur & Rascal		kitten	котенок	reuse:1828
Другие разделы	Arthur & Rascal	Arthur & Rascal		programme	программа	reuse:2190
Другие разделы	Arthur & Rascal	Arthur & Rascal		scary film	фильм ужасов	new
Другие разделы	Special Days!	Special Days!		resolution	решение	none
Module 1	Culture Corner & Spotlight on Russia	Spotlight on Russia	1. Russian millionaire cities	church	церковь, храм	reuse:1936
Module 1	Culture Corner & Spotlight on Russia	Spotlight on Russia	1. Russian millionaire cities	millionaire	миллионер	none
Module 1	Culture Corner & Spotlight on Russia	Spotlight on Russia	1. Russian millionaire cities	monument	памятник	new
Module 1	Culture Corner & Spotlight on Russia	Spotlight on Russia	1. Russian millionaire cities	sight	достопримечательность	new
Module 2	Culture Corner & Spotlight on Russia	Spotlight on Russia	2. What Russian children want to be	astronaut	астронавт, космонавт	new
Module 2	Culture Corner & Spotlight on Russia	Spotlight on Russia	2. What Russian children want to be	scientist	ученый	reuse:3132
Module 2	Culture Corner & Spotlight on Russia	Spotlight on Russia	2. What Russian children want to be	spaceship	космический корабль	new
Module 3	Culture Corner & Spotlight on Russia	Spotlight on Russia	3. What would you like for your tea?	cheap	дешевый	reuse:723
Module 3	Culture Corner & Spotlight on Russia	Spotlight on Russia	3. What would you like for your tea?	hiking	поход	reuse:2390
Module 3	Culture Corner & Spotlight on Russia	Spotlight on Russia	3. What would you like for your tea?	last a long time	храниться долго	none
Module 3	Culture Corner & Spotlight on Russia	Spotlight on Russia	3. What would you like for your tea?	oval	овальный	new
Module 4	Culture Corner & Spotlight on Russia	Spotlight on Russia	4. Animals need our help!	adopt	усыновлять, удочерять	none
Module 4	Culture Corner & Spotlight on Russia	Spotlight on Russia	4. Animals need our help!	bison	зубр	new
Module 4	Culture Corner & Spotlight on Russia	Spotlight on Russia	4. Animals need our help!	donate	жертвовать, дарить	none
Module 4	Culture Corner & Spotlight on Russia	Spotlight on Russia	4. Animals need our help!	national park	национальный парк	new
Module 4	Culture Corner & Spotlight on Russia	Spotlight on Russia	4. Animals need our help!	raise	растить	none
Module 4	Culture Corner & Spotlight on Russia	Spotlight on Russia	4. Animals need our help!	reserve	заповедник	new
Module 4	Culture Corner & Spotlight on Russia	Spotlight on Russia	4. Animals need our help!	save	спасать	reuse:1280
Другие разделы	Months	Months		April	апрель	reuse:624
Другие разделы	Months	Months		August	август	reuse:628
Другие разделы	Months	Months		December	декабрь	reuse:632
Другие разделы	Months	Months		February	февраль	reuse:622
Другие разделы	Months	Months		January	январь	reuse:621
Другие разделы	Months	Months		July	июль	reuse:627
Другие разделы	Months	Months		June	июнь	reuse:626
Другие разделы	Months	Months		March	март	reuse:623
Другие разделы	Months	Months		May	май	reuse:625
Другие разделы	Months	Months		November	ноябрь	reuse:631
Другие разделы	Months	Months		October	октябрь	reuse:630
Другие разделы	Months	Months		September	сентябрь	reuse:629
Другие разделы	Numbers	Numbers		eighty	восемьдесят	digits:80
Другие разделы	Numbers	Numbers		first	первый	digits:1st
Другие разделы	Numbers	Numbers		hundred	сто	digits:100
Другие разделы	Numbers	Numbers		ninety	девяносто	digits:90
Другие разделы	Numbers	Numbers		second	второй	digits:2nd
Другие разделы	Numbers	Numbers		seventy	семьдесят	digits:70
Другие разделы	Numbers	Numbers		sixty	шестьдесят	reuse:1554
Другие разделы	Numbers	Numbers		third	третий	digits:3rd
Другие разделы	Geographical Names and Nationalities · города и национальности	Geographical Names and Nationalities		Athens	Афины	new
Другие разделы	Geographical Names and Nationalities · страны	Geographical Names and Nationalities		Australia	Австралия	reuse:372
Другие разделы	Geographical Names and Nationalities · страны	Geographical Names and Nationalities		Canada	Канада	new
Другие разделы	Geographical Names and Nationalities · страны	Geographical Names and Nationalities		China	Китай	reuse:375
Другие разделы	Geographical Names and Nationalities · страны	Geographical Names and Nationalities		England	Англия	new
Другие разделы	Geographical Names and Nationalities · страны	Geographical Names and Nationalities		Florida	Флорида	new
Другие разделы	Geographical Names and Nationalities · страны	Geographical Names and Nationalities		France	Франция	new
Другие разделы	Geographical Names and Nationalities · страны	Geographical Names and Nationalities		Germany	Германия	new
Другие разделы	Geographical Names and Nationalities · страны	Geographical Names and Nationalities		Greece	Греция	new
Другие разделы	Geographical Names and Nationalities · страны	Geographical Names and Nationalities		Ireland	Ирландия	new
Другие разделы	Geographical Names and Nationalities · города и национальности	Geographical Names and Nationalities		Italian	итальянец	reuse:1425
Другие разделы	Geographical Names and Nationalities · страны	Geographical Names and Nationalities		Italy	Италия	reuse:1424
Другие разделы	Geographical Names and Nationalities · страны	Geographical Names and Nationalities		Japan	Япония	new
Другие разделы	Geographical Names and Nationalities · города и национальности	Geographical Names and Nationalities		Japanese	японец	new
Другие разделы	Geographical Names and Nationalities · города и национальности	Geographical Names and Nationalities		London	Лондон	reuse:4318
Другие разделы	Geographical Names and Nationalities · города и национальности	Geographical Names and Nationalities		Madrid	Мадрид	new
Другие разделы	Geographical Names and Nationalities · страны	Geographical Names and Nationalities		Mexico	Мексика	reuse:378
Другие разделы	Geographical Names and Nationalities · города и национальности	Geographical Names and Nationalities		Moscow	Москва	new
Другие разделы	Geographical Names and Nationalities · страны	Geographical Names and Nationalities		New Zealand	Новая Зеландия	new
Другие разделы	Geographical Names and Nationalities · города и национальности	Geographical Names and Nationalities		Paris	Париж	new
Другие разделы	Geographical Names and Nationalities · страны	Geographical Names and Nationalities		Poland	Польша	new
Другие разделы	Geographical Names and Nationalities · страны	Geographical Names and Nationalities		Portugal	Португалия	new
Другие разделы	Geographical Names and Nationalities · города и национальности	Geographical Names and Nationalities		Rome	Рим	new
Другие разделы	Geographical Names and Nationalities · страны	Geographical Names and Nationalities		Russia	Россия	reuse:1428
Другие разделы	Geographical Names and Nationalities · города и национальности	Geographical Names and Nationalities		Russian	русский	reuse:1429
Другие разделы	Geographical Names and Nationalities · страны	Geographical Names and Nationalities		Scotland	Шотландия	new
Другие разделы	Geographical Names and Nationalities · страны	Geographical Names and Nationalities		Spain	Испания	reuse:379
Другие разделы	Geographical Names and Nationalities · страны	Geographical Names and Nationalities		Turkey	Турция	reuse:380
Другие разделы	Useful English	Useful English		Bon voyage!	Счастливого пути!	none
Другие разделы	Useful English	Useful English		Congratulations!	Поздравляю!	none
Другие разделы	Useful English	Useful English		Excuse me, where's ...?	Извините, где находится ...?	none
Другие разделы	Useful English	Useful English		Happy New Year!	С Новым годом!	none
Другие разделы	Useful English	Useful English		It's your turn	теперь твоя очередь	none
Другие разделы	Useful English	Useful English		Nice to meet you.	Рад с Вами познакомиться.	none
Другие разделы	Useful English	Useful English		See you later.	Увидимся. / Пока.	none
Другие разделы	Useful English	Useful English		Thank you. — You're welcome.	Спасибо. — Пожалуйста.	none
Module 5	Unit 9: Tea party!	Module 5	Unit 9: Tea party!	delicious	очень вкусный	reuse:961
Module 5	Unit 9: Tea party!	Module 5	Unit 9: Tea party!	yesterday	вчера	new
Module 5	Unit 10: All our yesterdays!	Module 5	Unit 10: All our yesterdays!	angry	злой	reuse:703
Module 5	Unit 10: All our yesterdays!	Module 5	Unit 10: All our yesterdays!	bored	скучающий	reuse:704
Module 5	Unit 10: All our yesterdays!	Module 5	Unit 10: All our yesterdays!	dream	сон, мечта	reuse:4329
Module 5	Unit 10: All our yesterdays!	Module 5	Unit 10: All our yesterdays!	calendar	календарь	new
Module 5	Unit 10: All our yesterdays!	Module 5	Unit 10: All our yesterdays!	dancer	танцор	reuse:2457
Module 5	Unit 10: All our yesterdays!	Module 5	Unit 10: All our yesterdays!	scared	испуганный	reuse:707
Module 5	Unit 10: All our yesterdays!	Module 5	Unit 10: All our yesterdays!	tired	уставший	reuse:708
Module 6	Unit 11: The Hare and the Tortoise	Module 6	Unit 11: The Hare and the Tortoise	finish line	финишная линия	new
Module 6	Unit 11: The Hare and the Tortoise	Module 6	Unit 11: The Hare and the Tortoise	hare	заяц	new
Module 6	Unit 11: The Hare and the Tortoise	Module 6	Unit 11: The Hare and the Tortoise	pass	проходить	none
Module 6	Unit 11: The Hare and the Tortoise	Module 6	Unit 11: The Hare and the Tortoise	soon	скоро	none
Module 6	Unit 12: Once upon a time!	Module 6	Unit 12: Once upon a time!	beanstalk	бобовый стебель	new
Module 6	Unit 12: Once upon a time!	Module 6	Unit 12: Once upon a time!	bumblebee	шмель	new
Module 6	Unit 12: Once upon a time!	Module 6	Unit 12: Once upon a time!	discover	обнаруживать	reuse:1314
Module 6	Unit 12: Once upon a time!	Module 6	Unit 12: Once upon a time!	saxophone	саксофон	reuse:1230
Module 7	Unit 13: The best of times!	Module 7	Unit 13: The best of times!	camel	верблюд	new
Module 7	Unit 13: The best of times!	Module 7	Unit 13: The best of times!	dinosaur	динозавр	reuse:4112
Module 7	Unit 13: The best of times!	Module 7	Unit 13: The best of times!	funfair	ярмарка с аттракционами	reuse:335
Module 7	Unit 14: Magic moments!	Module 7	Unit 14: Magic moments!	drum	барабан	new
Module 7	Unit 14: Magic moments!	Module 7	Unit 14: Magic moments!	loud	громкий	reuse:1800
Module 7	Unit 14: Magic moments!	Module 7	Unit 14: Magic moments!	shy	застенчивый, робкий	reuse:1072
Module 7	Unit 14: Magic moments!	Module 7	Unit 14: Magic moments!	trumpet	труба	reuse:1231
Module 8	Unit 15: Good times ahead!	Module 8	Unit 15: Good times ahead!	go camping	отдыхать на природе в палатках	reuse:99
Module 8	Unit 15: Good times ahead!	Module 8	Unit 15: Good times ahead!	go to the lake	ходить / ездить на озеро	new
Module 8	Unit 15: Good times ahead!	Module 8	Unit 15: Good times ahead!	go to the mountains	ходить / ездить в горы	new
Module 8	Unit 15: Good times ahead!	Module 8	Unit 15: Good times ahead!	go to the seaside	ездить на море	new
Module 8	Unit 16: Hello, sunshine!	Module 8	Unit 16: Hello, sunshine!	boots	ботинки, сапоги	reuse:504
Module 8	Unit 16: Hello, sunshine!	Module 8	Unit 16: Hello, sunshine!	cloudy	облачный	new
Module 8	Unit 16: Hello, sunshine!	Module 8	Unit 16: Hello, sunshine!	Coliseum	Колизей	new
Module 8	Unit 16: Hello, sunshine!	Module 8	Unit 16: Hello, sunshine!	flippers	ласты	new
Module 8	Unit 16: Hello, sunshine!	Module 8	Unit 16: Hello, sunshine!	rainy	дождливый	new
Module 8	Unit 16: Hello, sunshine!	Module 8	Unit 16: Hello, sunshine!	sleeping bag	спальный мешок	reuse:808
Module 8	Unit 16: Hello, sunshine!	Module 8	Unit 16: Hello, sunshine!	sunglasses	солнечные очки	reuse:810
Module 8	Unit 16: Hello, sunshine!	Module 8	Unit 16: Hello, sunshine!	swimming trunks	плавки	new
Module 8	Unit 16: Hello, sunshine!	Module 8	Unit 16: Hello, sunshine!	swimsuit	купальник	reuse:1165
Module 8	Unit 16: Hello, sunshine!	Module 8	Unit 16: Hello, sunshine!	tent	палатка	reuse:811
Module 5	Culture Corner & Spotlight on Russia	Cultural Sections on English-speaking Countries	5. Birthday wishes!	balloon	воздушный шар	reuse:210
Module 5	Culture Corner & Spotlight on Russia	Cultural Sections on English-speaking Countries	5. Birthday wishes!	birthday boy	именинник	new
Module 5	Culture Corner & Spotlight on Russia	Cultural Sections on English-speaking Countries	5. Birthday wishes!	birthday girl	именинница	new
Module 6	Culture Corner & Spotlight on Russia	Cultural Sections on English-speaking Countries	6. The story behind the rhyme	fleece	овечья шерсть	new
Module 6	Culture Corner & Spotlight on Russia	Cultural Sections on English-speaking Countries	6. The story behind the rhyme	lamb	овечка, ягненок	new
Module 6	Culture Corner & Spotlight on Russia	Cultural Sections on English-speaking Countries	6. The story behind the rhyme	pull down	разрушать, сносить	none
Module 7	Culture Corner & Spotlight on Russia	Cultural Sections on English-speaking Countries	7. Alton Towers	brilliant	замечательный	reuse:1802
Module 7	Culture Corner & Spotlight on Russia	Cultural Sections on English-speaking Countries	7. Alton Towers	it is worth it	это того стоит	none
Module 7	Culture Corner & Spotlight on Russia	Cultural Sections on English-speaking Countries	7. Alton Towers	ride	аттракцион, поездка	mismatch
Module 7	Culture Corner & Spotlight on Russia	Cultural Sections on English-speaking Countries	7. Alton Towers	rollercoaster	американские горки	new
Module 7	Culture Corner & Spotlight on Russia	Cultural Sections on English-speaking Countries	7. Alton Towers	theme park	тематический парк развлечений	new
Module 7	Culture Corner & Spotlight on Russia	Cultural Sections on English-speaking Countries	7. Alton Towers	young	молодой	reuse:1741
Module 8	Culture Corner & Spotlight on Russia	Cultural Sections on English-speaking Countries	8. Florida fun!	rest	отдых	none
Module 8	Culture Corner & Spotlight on Russia	Cultural Sections on English-speaking Countries	8. Florida fun!	sandy	песчаный	new
Другие разделы	Special Days!	Special Days!		April Fool's Day	День первого апреля (праздник шуток и розыгрышей)	new
Другие разделы	Special Days!	Special Days!		throw	бросать	new
Module 5	Culture Corner & Spotlight on Russia	Spotlight on Russia	5. The Day of the City	carnival	карнавал	new
Module 5	Culture Corner & Spotlight on Russia	Spotlight on Russia	5. The Day of the City	competition	соревнование	reuse:4056
Module 5	Culture Corner & Spotlight on Russia	Spotlight on Russia	5. The Day of the City	decoration	украшение	new
Module 5	Culture Corner & Spotlight on Russia	Spotlight on Russia	5. The Day of the City	fireworks	фейерверк, салют	new
Module 5	Culture Corner & Spotlight on Russia	Spotlight on Russia	5. The Day of the City	parade	парад	new
Module 5	Culture Corner & Spotlight on Russia	Spotlight on Russia	5. The Day of the City	street performer	уличный артист	new
Module 6	Culture Corner & Spotlight on Russia	Spotlight on Russia	6. The world of fairy tales	character	персонаж	reuse:3043
Module 6	Culture Corner & Spotlight on Russia	Spotlight on Russia	6. The world of fairy tales	geese	гуси	new
Module 6	Culture Corner & Spotlight on Russia	Spotlight on Russia	6. The world of fairy tales	thief	вор	reuse:1247
Module 6	Culture Corner & Spotlight on Russia	Spotlight on Russia	6. The world of fairy tales	wolf	волк	reuse:3003
Module 7	Culture Corner & Spotlight on Russia	Spotlight on Russia	7. The days we remember	diploma	диплом	new
Module 7	Culture Corner & Spotlight on Russia	Spotlight on Russia	7. The days we remember	pancake	блин	new
Module 7	Culture Corner & Spotlight on Russia	Spotlight on Russia	7. The days we remember	performance	представление	reuse:3421
Module 8	Culture Corner & Spotlight on Russia	Spotlight on Russia	8. Travelling is fun	travel	путешествовать	reuse:1795
Module 8	Culture Corner & Spotlight on Russia	Spotlight on Russia	8. Travelling is fun	diary	дневник	reuse:1743
