module	section	term	reuse_id	via	note
Starter Unit		eraser	212	translation	rubber = ластик
Starter Unit		name	2276	translation	first name
Starter Unit		schoolbag	4153	translation	bag (портфель)
Starter Unit		wrong	2758	translation	incorrect
Module 1	1a	break	3343	translation	break time
Module 1	1a	mathematics (maths)	309	translation	Maths
Module 1	1b	strange	3810	translation	bizarre
Module 2	2b	bicycle (bike)	229	translation	bike
Module 2	2b	child (pl: children)	1437	translation	child
Module 2	2b	foot (pl: feet)	574	translation	foot
Module 2	2b	mouse (pl: mice)	247	translation	mouse (мышь)
Module 2	2b	tooth (pl: teeth)	1527	translation	tooth
Module 2	Across the Curriculum 2: Geography	awful	1906	translation	horrible
Module 3	3a	home	34	translation	house
Module 3	3b	television (TV)	558	translation	television
Module 4	4a	caring	3193	translation	thoughtful (заботливый)
Module 4	4a	noisy	851	translation	loud
Module 4	4c	painting	304	translation	Art (рисование)
Module 5	5a	deer (pl: deer)	2995	translation	deer
Module 5	5a	relax	2109	translation	have a rest
Module 5	5c	hen	255	translation	chicken (курица)
Module 5	5c	sheep (pl: sheep)	1832	translation	sheep
Module 5	English in Use 5	breast	2956	translation	chest (грудь)
Module 5	Across the Curriculum 5: Science	insect	3397	translation	bug (насекомое)
Module 5	Across the Curriculum 5: Science	million	1294	translation	a million
Module 6	6a	do the/go shopping	1706	translation	go shopping
Module 6	6a	have/eat dinner	8	translation	have dinner
Module 6	6a	have/eat lunch	6	translation	have lunch
Module 6	6d - Culture Corner	huge	3295	translation	enormous
Module 6	English in Use 6	agree	3937	translation	agree (say yes)
Module 6	English in Use 6	be tired	896	translation	get tired
Module 6	Across the Curriculum 6: Science	point	2837	translation	point (show)
Module 7	7a	mind	1254	translation	intelligence (ум)
Module 7	7a	It's raining (heavily).	2787	term	сильно (о дожде) - heavy rain picture
Module 7	7b	loose	2773	translation	loose-fitting
Module 7	7c	sunbathe	3620	translation	get a tan
Module 7	7d - Culture Corner	calm	2337	translation	peaceful
Module 8	8a	biscuit	428	translation	biscuits
Module 8	8a	carrot	258	translation	carrots
Module 8	8b	ice cream	4135	translation	ice-cream
Module 8	8b	master chef	771	translation	chef
Module 9	9a	shopping centre/mall	754	translation	shopping centre
Module 9	9b	adventure park	335	translation	funfair (парк аттракционов, as textbook translates)
Module 9	9b	candyfloss	4257	translation	cotton candy
Module 9	9c	heading	2210	translation	headline
Module 10	10a	apartment	35	translation	flat
Module 10	10a	join (in)	3480	translation	join in
Module 10	10a	rock climbing	2437	translation	climbing
Module 10	10b	mind	1254	translation	intelligence (ум)
Module 10	10c	pharmacy	873	translation	chemist's
Module 10	10c	stomachache	368	translation	stomach-ache
Module 10	10c	temperature	925	translation	a temperature (fever) - health section only
Module 10	10d - Culture Corner	aboard	3362	translation	on board
Module 10	Across the Curriculum 10: Geography	cartoon strip	2209	translation	cartoon (комикс)
