module	section	term	topic
Starter Unit		alphabet	в школе и счёт
Starter Unit		ant	животные и природа
Starter Unit		apple	еда
Starter Unit		ball	игрушки и одежда
Starter Unit		bird	животные и природа
Starter Unit		black	цвета
Starter Unit		blackboard	школьные принадлежности
Starter Unit		blue	цвета
Starter Unit		book	школьные принадлежности
Starter Unit		box	другие слова
Starter Unit		brown	цвета
Starter Unit		café	места и люди
Starter Unit		cake	еда
Starter Unit		cap	игрушки и одежда
Starter Unit		cat	животные и природа
Starter Unit		chair	школьные принадлежности
Starter Unit		climb	действия
Starter Unit		colour	цвета
Starter Unit		count	в школе и счёт
Starter Unit		crayon	школьные принадлежности
Starter Unit		cup	еда
Starter Unit		date	в школе и счёт
Starter Unit		desk	школьные принадлежности
Starter Unit		doctor	места и люди
Starter Unit		doll	игрушки и одежда
Starter Unit		draw	действия
Starter Unit		eat	действия
Starter Unit		egg	еда
Starter Unit		equals	в школе и счёт
Starter Unit		eraser	школьные принадлежности
Starter Unit		finish	действия
Starter Unit		flag	другие слова
Starter Unit		fox	животные и природа
Starter Unit		flower	животные и природа
Starter Unit		friend	места и люди
Starter Unit		garlic	еда
Starter Unit		game	игрушки и одежда
Starter Unit		girl	места и люди
Starter Unit		glass	другие слова
Starter Unit		glue	школьные принадлежности
Starter Unit		grass	животные и природа
Starter Unit		green	цвета
Starter Unit		grey	цвета
Starter Unit		gym	места и люди
Starter Unit		have got	действия
Starter Unit		hat	игрушки и одежда
Starter Unit		hand	другие слова
Starter Unit		house	места и люди
Starter Unit		I	места и люди
Starter Unit		ink	школьные принадлежности
Starter Unit		jam	еда
Starter Unit		jeans	игрушки и одежда
Starter Unit		kite	игрушки и одежда
Starter Unit		know	действия
Starter Unit		lemon	еда
Starter Unit		look	действия
Starter Unit		market	места и люди
Starter Unit		melon	еда
Starter Unit		minus	в школе и счёт
Starter Unit		museum	места и люди
Starter Unit		music	другие слова
Starter Unit		name	в школе и счёт
Starter Unit		nest	животные и природа
Starter Unit		nose	другие слова
Starter Unit		notebook	школьные принадлежности
Starter Unit		now	другие слова
Starter Unit		number	в школе и счёт
Starter Unit		orange	еда
Starter Unit		paper clips	школьные принадлежности
Starter Unit		park	места и люди
Starter Unit		pen	школьные принадлежности
Starter Unit		pencil	школьные принадлежности
Starter Unit		pencil case	школьные принадлежности
Starter Unit		pink	цвета
Starter Unit		please	фразы
Starter Unit		plus	в школе и счёт
Starter Unit		pupil	в школе и счёт
Starter Unit		purple	цвета
Starter Unit		queen	места и люди
Starter Unit		question	в школе и счёт
Starter Unit		rainbow	цвета
Starter Unit		reading rules	в школе и счёт
Starter Unit		red	цвета
Starter Unit		right	в школе и счёт
Starter Unit		robot	игрушки и одежда
Starter Unit		ruler	школьные принадлежности
Starter Unit		run	действия
Starter Unit		say	действия
Starter Unit		school	в школе и счёт
Starter Unit		schoolbag	школьные принадлежности
Starter Unit		sharpener	школьные принадлежности
Starter Unit		shop	места и люди
Starter Unit		sing	действия
Starter Unit		sky	животные и природа
Starter Unit		sleep	действия
Starter Unit		snake	животные и природа
Starter Unit		speak	действия
Starter Unit		spell	действия
Starter Unit		song	другие слова
Starter Unit		start	действия
Starter Unit		sun	животные и природа
Starter Unit		train	игрушки и одежда
Starter Unit		tree	животные и природа
Starter Unit		uniform	в школе и счёт
Starter Unit		vet	места и люди
Starter Unit		walk	действия
Starter Unit		white	цвета
Starter Unit		window	другие слова
Starter Unit		write	действия
Starter Unit		wrong	в школе и счёт
Starter Unit		yacht	игрушки и одежда
Starter Unit		yellow	цвета
Starter Unit		zebra	животные и природа
Starter Unit		zoo	места и люди
Starter Unit		Hello!	фразы
Starter Unit		Hi!	фразы
Starter Unit		What's your name?	фразы
Starter Unit		My name's ...	фразы
Starter Unit		How are you?	фразы
Starter Unit		I'm fine, thanks.	фразы
Starter Unit		Nice to meet you.	фразы
Starter Unit		Goodbye! Bye!	фразы
Starter Unit		Where are you from?	фразы
Module 1	1a	art	школьные предметы
Module 1	1a	atlas	в школе
Module 1	1a	break	школьные предметы
Module 1	1a	class	школьные предметы
Module 1	1a	dictionary	в школе
Module 1	1a	English	школьные предметы
Module 1	1a	favourite	школьные предметы
Module 1	1a	geography	школьные предметы
Module 1	1a	history	школьные предметы
Module 1	1a	information technology (IT)	школьные предметы
Module 1	1a	mathematics (maths)	школьные предметы
Module 1	1a	notepad	в школе
Module 1	1a	physical education (PE)	школьные предметы
Module 1	1a	science	школьные предметы
Module 1	1a	school objects	в школе
Module 1	1a	student	в школе
Module 1	1a	subject	школьные предметы
Module 1	1a	teacher	в школе
Module 1	1a	textbook	в школе
Module 1	1a	timetable	школьные предметы
Module 1	1a	days of the week	дни недели
Module 1	1a	Monday	дни недели
Module 1	1a	Tuesday	дни недели
Module 1	1a	Wednesday	дни недели
Module 1	1a	Thursday	дни недели
Module 1	1a	Friday	дни недели
Module 1	1a	Saturday	дни недели
Module 1	1a	Sunday	дни недели
Module 1	1b	best	другие слова и фразы
Module 1	1b	eighteen	числа
Module 1	1b	eleven	числа
Module 1	1b	same	другие слова и фразы
Module 1	1b	fifteen	числа
Module 1	1b	fourteen	числа
Module 1	1b	grade	другие слова и фразы
Module 1	1b	nineteen	числа
Module 1	1b	new	другие слова и фразы
Module 1	1b	seventeen	числа
Module 1	1b	sixteen	числа
Module 1	1b	strange	другие слова и фразы
Module 1	1b	twelve	числа
Module 1	1b	then	другие слова и фразы
Module 1	1b	thirteen	числа
Module 1	1b	together	другие слова и фразы
Module 1	1b	twenty	числа
Module 1	1b	Excuse me, ...	другие слова и фразы
Module 1	1b	How do you spell it?	другие слова и фразы
Module 1	1b	How old are you?	другие слова и фразы
Module 1	1b	Let's go!	другие слова и фразы
Module 1	1c	capital letter	
Module 1	1c	choose	
Module 1	1c	country	
Module 1	1c	full stop	
Module 1	1c	language	
Module 1	1c	other	
Module 1	1c	secondary school	
Module 1	1c	subject choice form	
Module 1	1c	What class is he in?	
Module 1	1c	What subjects does he do?	
Module 1	1d - Culture Corner	corner	
Module 1	1d - Culture Corner	culture	
Module 1	1d - Culture Corner	diagram	
Module 1	1d - Culture Corner	education system	
Module 1	1d - Culture Corner	primary school	
Module 1	1d - Culture Corner	Sixth Form	
Module 1	1d - Culture Corner	type	
Module 1	1d - Culture Corner	university	
Module 1	English in Use 1	Good afternoon!	
Module 1	English in Use 1	Good evening!	
Module 1	English in Use 1	Good morning!	
Module 1	English in Use 1	Good night!	
Module 1	English in Use 1	See you (later)!	
Module 1	English in Use 1	See you tomorrow!	
Module 1	Across the Curriculum 1: Citizenship	ask	
Module 1	Across the Curriculum 1: Citizenship	citizenship	
Module 1	Across the Curriculum 1: Citizenship	mime	
Module 1	Across the Curriculum 1: Citizenship	share	
Module 1	Across the Curriculum 1: Citizenship	smile	
Module 1	Across the Curriculum 1: Citizenship	thank	
Module 1	Across the Curriculum 1: Citizenship	think	
Module 1	Across the Curriculum 1: Citizenship	work	
Module 1	Across the Curriculum 1: Citizenship	alone	
Module 1	Across the Curriculum 1: Citizenship	in groups	
Module 1	Across the Curriculum 1: Citizenship	in pairs	
Module 2	2a	amazing	описание и действия
Module 2	2a	American	страны и национальности
Module 2	2a	aunt	описание и действия
Module 2	2a	Australian	страны и национальности
Module 2	2a	bite	описание и действия
Module 2	2a	brilliant	описание и действия
Module 2	2a	British	страны и национальности
Module 2	2a	can	описание и действия
Module 2	2a	Canadian	страны и национальности
Module 2	2a	cartoon character	описание и действия
Module 2	2a	English	страны и национальности
Module 2	2a	evil	описание и действия
Module 2	2a	fast	описание и действия
Module 2	2a	find out	описание и действия
Module 2	2a	French	страны и национальности
Module 2	2a	Italian	страны и национальности
Module 2	2a	Japanese	страны и национальности
Module 2	2a	live	страны и национальности
Module 2	2a	nationality	страны и национальности
Module 2	2a	New Zealander	страны и национальности
Module 2	2a	quiet	описание и действия
Module 2	2a	people	страны и национальности
Module 2	2a	powers	описание и действия
Module 2	2a	Russian	страны и национальности
Module 2	2a	special	описание и действия
Module 2	2a	spider	описание и действия
Module 2	2a	stop	описание и действия
Module 2	2a	strong	описание и действия
Module 2	2a	wall	описание и действия
Module 2	2a	watch	описание и действия
Module 2	2a	who	описание и действия
Module 2	2a	next door	страны и национальности
Module 2	2a	speak English	страны и национальности
Module 2	2b	basketball	личные вещи
Module 2	2b	bicycle (bike)	личные вещи
Module 2	2b	child (pl: children)	необычное множественное число
Module 2	2b	digital camera	личные вещи
Module 2	2b	fly	необычное множественное число
Module 2	2b	foot (pl: feet)	необычное множественное число
Module 2	2b	gloves	личные вещи
Module 2	2b	guitar	личные вещи
Module 2	2b	handbag	личные вещи
Module 2	2b	helmet	личные вещи
Module 2	2b	knife	личные вещи
Module 2	2b	lamp	личные вещи
Module 2	2b	man (pl: men)	необычное множественное число
Module 2	2b	mouse (pl: mice)	необычное множественное число
Module 2	2b	personal things	личные вещи
Module 2	2b	present	личные вещи
Module 2	2b	scarf	личные вещи
Module 2	2b	skateboard	личные вещи
Module 2	2b	teddy bear	личные вещи
Module 2	2b	thing	личные вещи
Module 2	2b	tie	личные вещи
Module 2	2b	toy	личные вещи
Module 2	2b	tooth (pl: teeth)	необычное множественное число
Module 2	2b	trainers	личные вещи
Module 2	2b	watch	личные вещи
Module 2	2b	woman (pl: women)	необычное множественное число
Module 2	2b	Happy birthday!	личные вещи
Module 2	2c	age	коллекции и описание
Module 2	2c	album	коллекции и описание
Module 2	2c	but	коллекции и описание
Module 2	2c	because	коллекции и описание
Module 2	2c	hundred	числа
Module 2	2c	coin	коллекции и описание
Module 2	2c	collection	коллекции и описание
Module 2	2c	easy	коллекции и описание
Module 2	2c	eighty	числа
Module 2	2c	feel	коллекции и описание
Module 2	2c	fifty	числа
Module 2	2c	forty	числа
Module 2	2c	great	коллекции и описание
Module 2	2c	happy	коллекции и описание
Module 2	2c	nice	коллекции и описание
Module 2	2c	ninety	числа
Module 2	2c	picture	коллекции и описание
Module 2	2c	seventy	числа
Module 2	2c	sixty	числа
Module 2	2c	stamp	коллекции и описание
Module 2	2c	thirty	числа
Module 2	2c	be proud of	коллекции и описание
Module 2	2d - Culture Corner	buy	
Module 2	2d - Culture Corner	cow	
Module 2	2d - Culture Corner	double decker	
Module 2	2d - Culture Corner	dragon	
Module 2	2d - Culture Corner	holidays	
Module 2	2d - Culture Corner	map	
Module 2	2d - Culture Corner	mug	
Module 2	2d - Culture Corner	Northern Irish	
Module 2	2d - Culture Corner	pin	
Module 2	2d - Culture Corner	popular	
Module 2	2d - Culture Corner	Scottish	
Module 2	2d - Culture Corner	shamrock	
Module 2	2d - Culture Corner	souvenir	
Module 2	2d - Culture Corner	stuffed toy	
Module 2	2d - Culture Corner	tartan	
Module 2	2d - Culture Corner	Union Jack	
Module 2	2d - Culture Corner	Welsh	
Module 2	English in Use 2	bell	
Module 2	English in Use 2	customer	
Module 2	English in Use 2	key ring	
Module 2	English in Use 2	shop assistant	
Module 2	English in Use 2	thermos flask	
Module 2	English in Use 2	T-shirt	
Module 2	English in Use 2	umbrella	
Module 2	English in Use 2	Here you are.	
Module 2	English in Use 2	How about ...?	
Module 2	English in Use 2	How can I help you?	
Module 2	English in Use 2	How much is it?	
Module 2	English in Use 2	I want to buy ... .	
Module 2	English in Use 2	That's a good idea.	
Module 2	Across the Curriculum 2: Geography	awful	
Module 2	Across the Curriculum 2: Geography	capital (city)	
Module 2	Across the Curriculum 2: Geography	continent	
Module 2	Across the Curriculum 2: Geography	English-speaking countries	
Module 2	Across the Curriculum 2: Geography	hole	
Module 2	Across the Curriculum 2: Geography	quiz	
Module 3	3a	advert	объявление о продаже
Module 3	3a	architect	объявление о продаже
Module 3	3a	article	объявление о продаже
Module 3	3a	bathroom	комнаты
Module 3	3a	beautiful	описание
Module 3	3a	bedroom	комнаты
Module 3	3a	dining room	комнаты
Module 3	3a	false	описание
Module 3	3a	famous	описание
Module 3	3a	first	дом и этажи
Module 3	3a	flat	дом и этажи
Module 3	3a	floor	дом и этажи
Module 3	3a	garage	комнаты
Module 3	3a	great	описание
Module 3	3a	ground floor	дом и этажи
Module 3	3a	hall	комнаты
Module 3	3a	home	дом и этажи
Module 3	3a	kitchen	комнаты
Module 3	3a	letter	объявление о продаже
Module 3	3a	lift	комнаты
Module 3	3a	living room	комнаты
Module 3	3a	number (of)	объявление о продаже
Module 3	3a	own	описание
Module 3	3a	pay	объявление о продаже
Module 3	3a	price	объявление о продаже
Module 3	3a	reception room	комнаты
Module 3	3a	roof	дом и этажи
Module 3	3a	true	описание
Module 3	3a	second	дом и этажи
Module 3	3a	step	дом и этажи
Module 3	3a	swimming pool	комнаты
Module 3	3a	third	дом и этажи
Module 3	3a	tower	дом и этажи
Module 3	3a	unusual	описание
Module 3	3a	view	описание
Module 3	3a	villa	дом и этажи
Module 3	3a	block of flats	дом и этажи
Module 3	3a	for sale	объявление о продаже
Module 3	3a	keep fit	описание
Module 3	3a	live high up	дом и этажи
Module 3	3b	appliance	кухня, ванная и фразы
Module 3	3b	armchair	мебель
Module 3	3b	bath	кухня, ванная и фразы
Module 3	3b	bed	мебель
Module 3	3b	bookcase	мебель
Module 3	3b	book shelves	мебель
Module 3	3b	carpet	мебель
Module 3	3b	coffee table	мебель
Module 3	3b	cooker	кухня, ванная и фразы
Module 3	3b	fridge	кухня, ванная и фразы
Module 3	3b	furniture	мебель
Module 3	3b	mirror	мебель
Module 3	3b	painting	мебель
Module 3	3b	sink	кухня, ванная и фразы
Module 3	3b	sofa	мебель
Module 3	3b	table	мебель
Module 3	3b	television (TV)	мебель
Module 3	3b	toilet	кухня, ванная и фразы
Module 3	3b	wardrobe	мебель
Module 3	3b	washbasin	кухня, ванная и фразы
Module 3	3b	window	мебель
Module 3	3b	How many?	кухня, ванная и фразы
Module 3	3b	Really?	кухня, ванная и фразы
Module 3	3b	Sounds great!	кухня, ванная и фразы
Module 3	3b	What's your new flat like?	кухня, ванная и фразы
Module 3	3b	heads or tails	кухня, ванная и фразы
Module 3	3c	call	
Module 3	3c	computer	
Module 3	3c	everything	
Module 3	3c	poster	
Module 3	3c	wall	
Module 3	3c	I like ... very much.	
Module 3	3c	Where exactly is it?	
Module 3	3d - Culture Corner	all	
Module 3	3d - Culture Corner	another	
Module 3	3d - Culture Corner	back garden	
Module 3	3d - Culture Corner	central heating	
Module 3	3d - Culture Corner	downstairs	
Module 3	3d - Culture Corner	fireplace	
Module 3	3d - Culture Corner	front garden	
Module 3	3d - Culture Corner	inside	
Module 3	3d - Culture Corner	outside	
Module 3	3d - Culture Corner	plan	
Module 3	3d - Culture Corner	semi-detached	
Module 3	3d - Culture Corner	special features	
Module 3	3d - Culture Corner	typical	
Module 3	3d - Culture Corner	upstairs	
Module 3	3d - Culture Corner	keep people warm	
Module 3	English in Use 3	big	
Module 3	English in Use 3	key	
Module 3	English in Use 3	quite	
Module 3	English in Use 3	Here we are.	
Module 3	English in Use 3	It's great.	
Module 3	English in Use 3	Take a look.	
Module 3	Across the Curriculum 3: Art & Design	admire	
Module 3	Across the Curriculum 3: Art & Design	building	
Module 3	Across the Curriculum 3: Art & Design	design	
Module 3	Across the Curriculum 3: Art & Design	different	
Module 3	Across the Curriculum 3: Art & Design	dome	
Module 3	Across the Curriculum 3: Art & Design	fantastic	
Module 3	Across the Curriculum 3: Art & Design	marble	
Module 3	Across the Curriculum 3: Art & Design	minaret	
Module 3	Across the Curriculum 3: Art & Design	pearl	
Module 3	Across the Curriculum 3: Art & Design	palace	
Module 3	Across the Curriculum 3: Art & Design	precious	
Module 3	Across the Curriculum 3: Art & Design	shine	
Module 3	Across the Curriculum 3: Art & Design	stone	
Module 3	Across the Curriculum 3: Art & Design	sunshine	
Module 3	Across the Curriculum 3: Art & Design	wonder	
Module 3	Across the Curriculum 3: Art & Design	world	
Module 3	Across the Curriculum 3: Art & Design	in the centre	
Module 3	Across the Curriculum 3: Art & Design	be made of	
Module 4	4a	baby	семья
Module 4	4a	boy	семья
Module 4	4a	brother	семья
Module 4	4a	burn	действия и хобби
Module 4	4a	caring	характер
Module 4	4a	clever	характер
Module 4	4a	cookie	действия и хобби
Module 4	4a	cool	характер
Module 4	4a	dad	семья
Module 4	4a	dance	действия и хобби
Module 4	4a	diary	действия и хобби
Module 4	4a	family	семья
Module 4	4a	family members	семья
Module 4	4a	food	действия и хобби
Module 4	4a	friendly	характер
Module 4	4a	father	семья
Module 4	4a	funny	характер
Module 4	4a	give	действия и хобби
Module 4	4a	grandfather	семья
Module 4	4a	grandma	семья
Module 4	4a	grandmother	семья
Module 4	4a	grandpa	семья
Module 4	4a	grandparents	семья
Module 4	4a	hobby	действия и хобби
Module 4	4a	kind	характер
Module 4	4a	laugh	действия и хобби
Module 4	4a	make	действия и хобби
Module 4	4a	mother	семья
Module 4	4a	mum	семья
Module 4	4a	naughty	характер
Module 4	4a	noisy	характер
Module 4	4a	piano	действия и хобби
Module 4	4a	pilot	действия и хобби
Module 4	4a	play	действия и хобби
Module 4	4a	secret	действия и хобби
Module 4	4a	see	действия и хобби
Module 4	4a	sister	семья
Module 4	4a	sweet	характер
Module 4	4a	tell	действия и хобби
Module 4	4a	violin	действия и хобби
Module 4	4a	visit	действия и хобби
Module 4	4a	weekend	действия и хобби
Module 4	4a	yet	действия и хобби
Module 4	4a	every summer	действия и хобби
Module 4	4b	appearance	внешность
Module 4	4b	build	внешность
Module 4	4b	classmate	другие слова
Module 4	4b	come	другие слова
Module 4	4b	description	внешность
Module 4	4b	ear	внешность
Module 4	4b	eye	внешность
Module 4	4b	facial features	внешность
Module 4	4b	fair	внешность
Module 4	4b	fat	внешность
Module 4	4b	hair	внешность
Module 4	4b	height	внешность
Module 4	4b	long	внешность
Module 4	4b	lovely	внешность
Module 4	4b	match	другие слова
Module 4	4b	moustache	внешность
Module 4	4b	mouth	внешность
Module 4	4b	nose	внешность
Module 4	4b	party	другие слова
Module 4	4b	plump	внешность
Module 4	4b	short	внешность
Module 4	4b	talk	другие слова
Module 4	4b	tall	внешность
Module 4	4b	thin	внешность
Module 4	4b	whose	другие слова
Module 4	4b	with	другие слова
Module 4	4b	over there	другие слова
Module 4	4c	cooking	
Module 4	4c	dancing	
Module 4	4c	full name	
Module 4	4c	grace	
Module 4	4c	guess	
Module 4	4c	jazz	
Module 4	4c	painting	
Module 4	4c	person	
Module 4	4c	place	
Module 4	4c	profile	
Module 4	4c	singer	
Module 4	4c	singing	
Module 4	4c	voice	
Module 4	4c	young	
Module 4	4d - Culture Corner	comic book	
Module 4	4d - Culture Corner	cook	
Module 4	4d - Culture Corner	drink	
Module 4	4d - Culture Corner	patient	
Module 4	4d - Culture Corner	saxophone	
Module 4	4d - Culture Corner	slim	
Module 4	4d - Culture Corner	show	
Module 4	4d - Culture Corner	Swedish	
Module 4	4d - Culture Corner	all over the world	
Module 4	4d - Culture Corner	be afraid (of)	
Module 4	4d - Culture Corner	What are they like?	
Module 4	4d - Culture Corner	What do they look like?	
Module 4	English in Use 4	now	
Module 4	English in Use 4	pretty	
Module 4	English in Use 4	as well	
Module 4	English in Use 4	What does she look like?	
Module 4	English in Use 4	What is she like?	
Module 4	Across the Curriculum 4: Literature	bee	животные
Module 4	Across the Curriculum 4: Literature	busy	описание
Module 4	Across the Curriculum 4: Literature	gentle	описание
Module 4	Across the Curriculum 4: Literature	granny	стихи и литература
Module 4	Across the Curriculum 4: Literature	lamb	животные
Module 4	Across the Curriculum 4: Literature	mule	животные
Module 4	Across the Curriculum 4: Literature	literature	стихи и литература
Module 4	Across the Curriculum 4: Literature	owl	животные
Module 4	Across the Curriculum 4: Literature	ox (pl: oxen)	животные
Module 4	Across the Curriculum 4: Literature	peacock	животные
Module 4	Across the Curriculum 4: Literature	playful	описание
Module 4	Across the Curriculum 4: Literature	poem	стихи и литература
Module 4	Across the Curriculum 4: Literature	rhyming words	стихи и литература
Module 4	Across the Curriculum 4: Literature	simile	стихи и литература
Module 4	Across the Curriculum 4: Literature	slow	описание
Module 4	Across the Curriculum 4: Literature	snail	животные
Module 4	Across the Curriculum 4: Literature	stubborn	описание
Module 4	Across the Curriculum 4: Literature	title	стихи и литература
Module 4	Across the Curriculum 4: Literature	wise	описание
Module 4	Across the Curriculum 4: Literature	as ... as	описание
Module 4	Across the Curriculum 4: Literature	send an email	стихи и литература
Module 5	5a	amazing	описание и природа
Module 5	5a	animal	животные
Module 5	5a	bite	действия
Module 5	5a	camel	животные
Module 5	5a	carry	действия
Module 5	5a	cobra	животные
Module 5	5a	creature	животные
Module 5	5a	crocodile	животные
Module 5	5a	cry	действия
Module 5	5a	dangerous	описание и природа
Module 5	5a	deer (pl: deer)	животные
Module 5	5a	elephant	животные
Module 5	5a	female	описание и природа
Module 5	5a	grass	описание и природа
Module 5	5a	habit	описание и природа
Module 5	5a	heavy	описание и природа
Module 5	5a	hide	действия
Module 5	5a	horn	животные
Module 5	5a	hunt	действия
Module 5	5a	leopard	животные
Module 5	5a	lion	животные
Module 5	5a	metre	описание и природа
Module 5	5a	mud	описание и природа
Module 5	5a	permanent	описание и природа
Module 5	5a	plant	описание и природа
Module 5	5a	relax	действия
Module 5	5a	rhino	животные
Module 5	5a	sleep	действия
Module 5	5a	stripe	животные
Module 5	5a	swim	действия
Module 5	5a	tiger	животные
Module 5	5a	trunk	животные
Module 5	5a	use	действия
Module 5	5a	wash	действия
Module 5	5b	address	другие слова
Module 5	5b	adult	животные
Module 5	5b	anyway	другие слова
Module 5	5b	beak	части тела животных
Module 5	5b	bear	животные
Module 5	5b	cute	животные
Module 5	5b	feather	части тела животных
Module 5	5b	find	другие слова
Module 5	5b	fish	животные
Module 5	5b	fruit	другие слова
Module 5	5b	fur	части тела животных
Module 5	5b	giraffe	животные
Module 5	5b	hear	другие слова
Module 5	5b	highlighted	другие слова
Module 5	5b	leg	части тела животных
Module 5	5b	mane	части тела животных
Module 5	5b	monkey	животные
Module 5	5b	neck	части тела животных
Module 5	5b	opening times	другие слова
Module 5	5b	otter	животные
Module 5	5b	paw	части тела животных
Module 5	5b	peacock	животные
Module 5	5b	penguin	животные
Module 5	5b	reason	другие слова
Module 5	5b	sound	другие слова
Module 5	5b	tail	части тела животных
Module 5	5b	thick	животные
Module 5	5b	ticket	другие слова
Module 5	5b	trunk	части тела животных
Module 5	5b	tusk	части тела животных
Module 5	5b	wild	животные
Module 5	5b	wing	части тела животных
Module 5	5b	parts of the body	части тела животных
Module 5	5c	activity	другие слова
Module 5	5c	bright	другие слова
Module 5	5c	budgie	домашние животные
Module 5	5c	cow	домашние животные
Module 5	5c	dog	домашние животные
Module 5	5c	duck	домашние животные
Module 5	5c	else	другие слова
Module 5	5c	farm animals	домашние животные
Module 5	5c	goat	домашние животные
Module 5	5c	golden	другие слова
Module 5	5c	goldfish	домашние животные
Module 5	5c	goose (pl: geese)	домашние животные
Module 5	5c	guinea pig	домашние животные
Module 5	5c	guy	другие слова
Module 5	5c	hen	домашние животные
Module 5	5c	list	другие слова
Module 5	5c	notify	другие слова
Module 5	5c	pet	домашние животные
Module 5	5c	rabbit	домашние животные
Module 5	5c	sheep (pl: sheep)	домашние животные
Module 5	5c	take	другие слова
Module 5	5c	tortoise	домашние животные
Module 5	5c	all day long	другие слова
Module 5	5c	take sb for walks	другие слова
Module 5	5c	talk online	другие слова
Module 5	5d - Culture Corner	characteristic	коала и природа
Module 5	5d - Culture Corner	complete	другие слова
Module 5	5d - Culture Corner	cute	описание
Module 5	5d - Culture Corner	eucalyptus	коала и природа
Module 5	5d - Culture Corner	fact file	коала и природа
Module 5	5d - Culture Corner	furry	описание
Module 5	5d - Culture Corner	get	другие слова
Module 5	5d - Culture Corner	koala	коала и природа
Module 5	5d - Culture Corner	leaf (pl: leaves)	коала и природа
Module 5	5d - Culture Corner	liquid	коала и природа
Module 5	5d - Culture Corner	little	описание
Module 5	5d - Culture Corner	mammal	коала и природа
Module 5	5d - Culture Corner	marsupial	коала и природа
Module 5	5d - Culture Corner	mean	другие слова
Module 5	5d - Culture Corner	need	другие слова
Module 5	5d - Culture Corner	never	другие слова
Module 5	5d - Culture Corner	round	описание
Module 5	5d - Culture Corner	sharp	описание
Module 5	5d - Culture Corner	soft	описание
Module 5	5d - Culture Corner	zoologist	коала и природа
Module 5	5d - Culture Corner	during the day	другие слова
Module 5	5d - Culture Corner	they don't make good pets	другие слова
Module 5	English in Use 5	breast	
Module 5	English in Use 5	breath	
Module 5	English in Use 5	broken	
Module 5	English in Use 5	earache	
Module 5	English in Use 5	fleas	
Module 5	English in Use 5	health	
Module 5	English in Use 5	parrot	
Module 5	English in Use 5	problem	
Module 5	English in Use 5	toothache	
Module 5	English in Use 5	vet	
Module 5	English in Use 5	visit	
Module 5	English in Use 5	be ill	
Module 5	English in Use 5	What's the matter?	
Module 5	English in Use 5	What's wrong (with him)?	
Module 5	Across the Curriculum 5: Science	ant	насекомые
Module 5	Across the Curriculum 5: Science	antenna (plural: antennae)	насекомые
Module 5	Across the Curriculum 5: Science	bee	насекомые
Module 5	Across the Curriculum 5: Science	beetle	насекомые
Module 5	Across the Curriculum 5: Science	butterfly	насекомые
Module 5	Across the Curriculum 5: Science	buzz around	насекомые
Module 5	Across the Curriculum 5: Science	call	другие слова
Module 5	Across the Curriculum 5: Science	dead	природа и отходы
Module 5	Across the Curriculum 5: Science	detective	другие слова
Module 5	Across the Curriculum 5: Science	dragonfly	насекомые
Module 5	Across the Curriculum 5: Science	expect	другие слова
Module 5	Across the Curriculum 5: Science	field	природа и отходы
Module 5	Across the Curriculum 5: Science	fly	насекомые
Module 5	Across the Curriculum 5: Science	forest	природа и отходы
Module 5	Across the Curriculum 5: Science	grasshopper	насекомые
Module 5	Across the Curriculum 5: Science	ground	природа и отходы
Module 5	Across the Curriculum 5: Science	honey	насекомые
Module 5	Across the Curriculum 5: Science	important	другие слова
Module 5	Across the Curriculum 5: Science	insect	насекомые
Module 5	Across the Curriculum 5: Science	ladybird	насекомые
Module 5	Across the Curriculum 5: Science	life	природа и отходы
Module 5	Across the Curriculum 5: Science	keep	другие слова
Module 5	Across the Curriculum 5: Science	million	другие слова
Module 5	Across the Curriculum 5: Science	mosquito	насекомые
Module 5	Across the Curriculum 5: Science	present	другие слова
Module 5	Across the Curriculum 5: Science	rubbish	природа и отходы
Module 5	Across the Curriculum 5: Science	unwanted	природа и отходы
Module 5	Across the Curriculum 5: Science	wasp	насекомые
Module 5	Across the Curriculum 5: Science	waste	природа и отходы
Module 6	6a	acrobatics	спорт и герои
Module 6	6a	action hero	спорт и герои
Module 6	6a	after	как часто
Module 6	6a	always	как часто
Module 6	6a	archaeologist	спорт и герои
Module 6	6a	before	как часто
Module 6	6a	clock	время
Module 6	6a	daily	как часто
Module 6	6a	daily routine	распорядок дня
Module 6	6a	get up	распорядок дня
Module 6	6a	fight	спорт и герои
Module 6	6a	late	как часто
Module 6	6a	often	как часто
Module 6	6a	sometimes	как часто
Module 6	6a	usually	как часто
Module 6	6a	wake up	распорядок дня
Module 6	6a	at ... o'clock	время
Module 6	6a	at home	распорядок дня
Module 6	6a	at midnight/at night	время
Module 6	6a	at noon	время
Module 6	6a	do homework	распорядок дня
Module 6	6a	do the/go shopping	распорядок дня
Module 6	6a	have/eat dinner	распорядок дня
Module 6	6a	have/eat lunch	распорядок дня
Module 6	6a	for a while	время
Module 6	6a	get dressed	распорядок дня
Module 6	6a	go jogging	спорт и герои
Module 6	6a	go to bed	распорядок дня
Module 6	6a	go to school	распорядок дня
Module 6	6a	half past seven	время
Module 6	6a	Have you got the time, please?	время
Module 6	6a	practise kick boxing	спорт и герои
Module 6	6a	quarter past seven	время
Module 6	6a	quarter to seven	время
Module 6	6a	What's the time, please?	время
Module 6	6a	work on computer	распорядок дня
Module 6	6b	ambulance	места в городе
Module 6	6b	baker	профессии
Module 6	6b	baker's	места в городе
Module 6	6b	bakery	места в городе
Module 6	6b	café	места в городе
Module 6	6b	doctor	профессии
Module 6	6b	drive	действия
Module 6	6b	hospital	места в городе
Module 6	6b	job	профессии
Module 6	6b	mechanic	профессии
Module 6	6b	Mr	профессии
Module 6	6b	Ms	профессии
Module 6	6b	Mrs	профессии
Module 6	6b	nurse	профессии
Module 6	6b	paint	действия
Module 6	6b	painter	профессии
Module 6	6b	postman	профессии
Module 6	6b	serve	действия
Module 6	6b	taxi driver	профессии
Module 6	6b	wait	действия
Module 6	6b	waiter	профессии
Module 6	6b	waitress	профессии
Module 6	6b	a street scene	места в городе
Module 6	6b	across the road	места в городе
Module 6	6b	act out a dialogue	действия
Module 6	6b	catch the bus home	действия
Module 6	6b	deliver letters	действия
Module 6	6b	do a crossword	действия
Module 6	6b	repair	действия
Module 6	6b	say goodbye to ...	действия
Module 6	6b	by the fire	места в городе
Module 6	6b	What does your dad do?	профессии
Module 6	6c	boring	
Module 6	6c	hard work	
Module 6	6c	newspaper	
Module 6	6c	Drop me a line.	
Module 6	6c	Have a good time!	
Module 6	6c	Great to hear from you.	
Module 6	6c	make phone calls	
Module 6	6c	plant flowers	
Module 6	6c	play (games) with	
Module 6	6c	That's all for now!	
Module 6	6c	Write back soon.	
Module 6	6d - Culture Corner	above	
Module 6	6d - Culture Corner	belfry	
Module 6	6d - Culture Corner	exactly	
Module 6	6d - Culture Corner	hour hand	
Module 6	6d - Culture Corner	huge	
Module 6	6d - Culture Corner	interesting	
Module 6	6d - Culture Corner	know	
Module 6	6d - Culture Corner	landmark	
Module 6	6d - Culture Corner	minute hand	
Module 6	6d - Culture Corner	most (people)	
Module 6	6d - Culture Corner	perhaps	
Module 6	6d - Culture Corner	ton	
Module 6	6d - Culture Corner	top	
Module 6	6d - Culture Corner	tour guide	
Module 6	6d - Culture Corner	tourist attraction	
Module 6	6d - Culture Corner	wide	
Module 6	6d - Culture Corner	commissioner of works	
Module 6	6d - Culture Corner	every year	
Module 6	English in Use 6	agree	
Module 6	English in Use 6	free	
Module 6	English in Use 6	respond	
Module 6	English in Use 6	suggestion	
Module 6	English in Use 6	go to the cinema	
Module 6	English in Use 6	be tired	
Module 6	English in Use 6	See you at ... o'clock.	
Module 6	English in Use 6	Sure, that's a good idea.	
Module 6	English in Use 6	What/How about having a coffee?	
Module 6	English in Use 6	Why don't we go ... ?	
Module 6	Across the Curriculum 6: Science	be ready	другие слова
Module 6	Across the Curriculum 6: Science	centimetre	предметы и действия
Module 6	Across the Curriculum 6: Science	compass	солнце и стороны света
Module 6	Across the Curriculum 6: Science	correct	другие слова
Module 6	Across the Curriculum 6: Science	different	другие слова
Module 6	Across the Curriculum 6: Science	early	солнце и стороны света
Module 6	Across the Curriculum 6: Science	east	солнце и стороны света
Module 6	Across the Curriculum 6: Science	hole	предметы и действия
Module 6	Across the Curriculum 6: Science	lid	предметы и действия
Module 6	Across the Curriculum 6: Science	mark	предметы и действия
Module 6	Across the Curriculum 6: Science	mobile phone	предметы и действия
Module 6	Across the Curriculum 6: Science	move around	солнце и стороны света
Module 6	Across the Curriculum 6: Science	nearby	другие слова
Module 6	Across the Curriculum 6: Science	need	другие слова
Module 6	Across the Curriculum 6: Science	north	солнце и стороны света
Module 6	Across the Curriculum 6: Science	perfect	другие слова
Module 6	Across the Curriculum 6: Science	place	предметы и действия
Module 6	Across the Curriculum 6: Science	point	предметы и действия
Module 6	Across the Curriculum 6: Science	put	предметы и действия
Module 6	Across the Curriculum 6: Science	shadow	солнце и стороны света
Module 6	Across the Curriculum 6: Science	sky	солнце и стороны света
Module 6	Across the Curriculum 6: Science	side	предметы и действия
Module 6	Across the Curriculum 6: Science	south	солнце и стороны света
Module 6	Across the Curriculum 6: Science	stone	предметы и действия
Module 6	Across the Curriculum 6: Science	straw	предметы и действия
Module 6	Across the Curriculum 6: Science	sundial	солнце и стороны света
Module 6	Across the Curriculum 6: Science	sunny day	солнце и стороны света
Module 6	Across the Curriculum 6: Science	tape	предметы и действия
Module 6	Across the Curriculum 6: Science	top	предметы и действия
Module 6	Across the Curriculum 6: Science	until	другие слова
Module 6	Across the Curriculum 6: Science	use	предметы и действия
Module 6	Across the Curriculum 6: Science	west	солнце и стороны света
Module 6	Across the Curriculum 6: Science	do the same	другие слова
Module 7	7a	autumn	времена года и месяцы
Module 7	7a	balcony	занятия и другие слова
Module 7	7a	chat log	занятия и другие слова
Module 7	7a	computer screen	занятия и другие слова
Module 7	7a	go swimming	занятия и другие слова
Module 7	7a	image	занятия и другие слова
Module 7	7a	magazine	занятия и другие слова
Module 7	7a	mind	занятия и другие слова
Module 7	7a	month	времена года и месяцы
Module 7	7a	January	времена года и месяцы
Module 7	7a	February	времена года и месяцы
Module 7	7a	March	времена года и месяцы
Module 7	7a	April	времена года и месяцы
Module 7	7a	May	времена года и месяцы
Module 7	7a	June	времена года и месяцы
Module 7	7a	July	времена года и месяцы
Module 7	7a	August	времена года и месяцы
Module 7	7a	September	времена года и месяцы
Module 7	7a	October	времена года и месяцы
Module 7	7a	November	времена года и месяцы
Module 7	7a	December	времена года и месяцы
Module 7	7a	proverb	занятия и другие слова
Module 7	7a	season	времена года и месяцы
Module 7	7a	snow	погода
Module 7	7a	spring	времена года и месяцы
Module 7	7a	statement	занятия и другие слова
Module 7	7a	summer	времена года и месяцы
Module 7	7a	weather	погода
Module 7	7a	weather forecast	погода
Module 7	7a	winter	времена года и месяцы
Module 7	7a	year	времена года и месяцы
Module 7	7a	at the moment	фразы
Module 7	7a	be fed up with sth	фразы
Module 7	7a	How are you doing?	фразы
Module 7	7a	It doesn't suit me.	фразы
Module 7	7a	It's fabulous!	фразы
Module 7	7a	It's (very) hot.	погода
Module 7	7a	It's awful!	фразы
Module 7	7a	It's cold.	погода
Module 7	7a	It's freezing.	погода
Module 7	7a	It's raining (heavily).	погода
Module 7	7a	It's snowing.	погода
Module 7	7a	It's terrible!	фразы
Module 7	7a	It's warm.	погода
Module 7	7a	The sun is shining.	погода
Module 7	7a	That's not my kind of place.	фразы
Module 7	7a	What's the weather like in ...?	погода
Module 7	7a	pick flowers	занятия и другие слова
Module 7	7a	rake leaves	занятия и другие слова
Module 7	7a	You're lucky.	фразы
Module 7	7b	airport	другие слова
Module 7	7b	bag	одежда
Module 7	7b	blouse	одежда
Module 7	7b	boots	одежда
Module 7	7b	clothes	одежда
Module 7	7b	coat	одежда
Module 7	7b	couple	другие слова
Module 7	7b	dress	одежда
Module 7	7b	get on	другие слова
Module 7	7b	habit	другие слова
Module 7	7b	hang up	другие слова
Module 7	7b	high heels	одежда
Module 7	7b	joke	другие слова
Module 7	7b	jumper	одежда
Module 7	7b	light	как сидит одежда
Module 7	7b	loose	как сидит одежда
Module 7	7b	put on	как сидит одежда
Module 7	7b	raincoat	одежда
Module 7	7b	shirt	одежда
Module 7	7b	shoes	одежда
Module 7	7b	shorts	одежда
Module 7	7b	skirt	одежда
Module 7	7b	socks	одежда
Module 7	7b	suit	одежда
Module 7	7b	telephone conversation	другие слова
Module 7	7b	tight	как сидит одежда
Module 7	7b	trainers	одежда
Module 7	7b	trousers	одежда
Module 7	7b	wear	как сидит одежда
Module 7	7b	go on foot	другие слова
Module 7	7b	How do I look in this?	как сидит одежда
Module 7	7b	How does this look on me?	как сидит одежда
Module 7	7b	I'm not sure it suits you.	как сидит одежда
Module 7	7c	beach	
Module 7	7c	enjoy	
Module 7	7c	greeting	
Module 7	7c	local club	
Module 7	7c	postcard	
Module 7	7c	stay	
Module 7	7c	sunbathe	
Module 7	7c	go camping	
Module 7	7c	go skiing	
Module 7	7c	have a picnic	
Module 7	7c	It's fun.	
Module 7	7c	make a snowman	
Module 7	7c	play golf	
Module 7	7c	See you soon.	
Module 7	7d - Culture Corner	calm	
Module 7	7d - Culture Corner	climate	
Module 7	7d - Culture Corner	cool	
Module 7	7d - Culture Corner	decide	
Module 7	7d - Culture Corner	jacket	
Module 7	7d - Culture Corner	long-sleeved	
Module 7	7d - Culture Corner	northwest	
Module 7	7d - Culture Corner	pack	
Module 7	7d - Culture Corner	sad	
Module 7	7d - Culture Corner	short-sleeved	
Module 7	7d - Culture Corner	stressed	
Module 7	7d - Culture Corner	temperature	
Module 7	7d - Culture Corner	vary	
Module 7	7d - Culture Corner	walking shoes	
Module 7	7d - Culture Corner	wool sweater	
Module 7	7d - Culture Corner	make sure	
Module 7	English in Use 7	clothing sizes	
Module 7	English in Use 7	customer	
Module 7	English in Use 7	collar	
Module 7	English in Use 7	Any particular colour?	
Module 7	English in Use 7	Have a nice day!	
Module 7	English in Use 7	Here you are.	
Module 7	English in Use 7	How can I help you?	
Module 7	English in Use 7	How much does it cost?	
Module 7	English in Use 7	How much is it?	
Module 7	English in Use 7	I'm looking for ... .	
Module 7	English in Use 7	Thank you — You're welcome.	
Module 7	English in Use 7	What size are you?	
Module 7	Across the Curriculum 7: Literature	blow away	
Module 7	Across the Curriculum 7: Literature	branch	
Module 7	Across the Curriculum 7: Literature	dancing ballerina	
Module 7	Across the Curriculum 7: Literature	go away	
Module 7	Across the Curriculum 7: Literature	go up	
Module 7	Across the Curriculum 7: Literature	land	
Module 7	Across the Curriculum 7: Literature	sea	
Module 7	Across the Curriculum 7: Literature	sky	
Module 7	Across the Curriculum 7: Literature	wind	
Module 8	8a	banana	еда и урожай
Module 8	8a	biscuit	еда и урожай
Module 8	8a	both	другие слова
Module 8	8a	carrot	еда и урожай
Module 8	8a	celebrate	праздники
Module 8	8a	celebration	праздники
Module 8	8a	choose	другие слова
Module 8	8a	complete	другие слова
Module 8	8a	cookery competition	еда и урожай
Module 8	8a	costume	праздники
Module 8	8a	cranberry sauce	еда и урожай
Module 8	8a	cut	другие слова
Module 8	8a	crop	еда и урожай
Module 8	8a	dessert	еда и урожай
Module 8	8a	dictionary entry	другие слова
Module 8	8a	different varieties	другие слова
Module 8	8a	dish	еда и урожай
Module 8	8a	dress up	праздники
Module 8	8a	farmer	другие слова
Module 8	8a	festive	праздники
Module 8	8a	festival	праздники
Module 8	8a	fresh	еда и урожай
Module 8	8a	harvest	еда и урожай
Module 8	8a	holiday	праздники
Module 8	8a	last	праздники
Module 8	8a	moon	праздники
Module 8	8a	pumpkin pie	еда и урожай
Module 8	8a	radio show	другие слова
Module 8	8a	rice	еда и урожай
Module 8	8a	street parade	праздники
Module 8	8a	sweet potato	еда и урожай
Module 8	8a	turkey	еда и урожай
Module 8	8a	wheat	еда и урожай
Module 8	8a	light bonfires	праздники
Module 8	8a	set off fireworks	праздники
Module 8	8a	exchange gifts	праздники
Module 8	8b	bottle	упаковка и посуда
Module 8	8b	bowl	упаковка и посуда
Module 8	8b	box	упаковка и посуда
Module 8	8b	bread	еда
Module 8	8b	burger	еда
Module 8	8b	butter	еда
Module 8	8b	cabbage	фрукты и овощи
Module 8	8b	cake	еда
Module 8	8b	carton	упаковка и посуда
Module 8	8b	cereal	еда
Module 8	8b	cheese	еда
Module 8	8b	cherry	фрукты и овощи
Module 8	8b	chicken	еда
Module 8	8b	chocolate	еда
Module 8	8b	container	упаковка и посуда
Module 8	8b	cupboard	упаковка и посуда
Module 8	8b	everything	напитки и другие слова
Module 8	8b	garlic	фрукты и овощи
Module 8	8b	glass	упаковка и посуда
Module 8	8b	grapes	фрукты и овощи
Module 8	8b	ice cream	еда
Module 8	8b	jar	упаковка и посуда
Module 8	8b	lemonade	напитки и другие слова
Module 8	8b	master chef	напитки и другие слова
Module 8	8b	meal	напитки и другие слова
Module 8	8b	meat	еда
Module 8	8b	milk	напитки и другие слова
Module 8	8b	olive oil	еда
Module 8	8b	onion	фрукты и овощи
Module 8	8b	orange juice	напитки и другие слова
Module 8	8b	packet	упаковка и посуда
Module 8	8b	pasta	еда
Module 8	8b	pineapple	фрукты и овощи
Module 8	8b	pizza	еда
Module 8	8b	sausage	еда
Module 8	8b	strawberry	фрукты и овощи
Module 8	8b	shopping list	напитки и другие слова
Module 8	8b	sugar	еда
Module 8	8b	tomato	фрукты и овощи
Module 8	8b	tonight	напитки и другие слова
Module 8	8c	balloon	праздник и фразы
Module 8	8c	bring	праздник и фразы
Module 8	8c	Chinese	еда
Module 8	8c	crisps	еда
Module 8	8c	envelope	праздник и фразы
Module 8	8c	full of	праздник и фразы
Module 8	8c	good luck	праздник и фразы
Module 8	8c	magazine entry	праздник и фразы
Module 8	8c	mean	праздник и фразы
Module 8	8c	money	праздник и фразы
Module 8	8c	noodles	еда
Module 8	8c	paper	праздник и фразы
Module 8	8c	sandwich	еда
Module 8	8c	soup	еда
Module 8	8c	stick	еда
Module 8	8c	treat	еда
Module 8	8c	unlucky	праздник и фразы
Module 8	8c	I'd love to ...	праздник и фразы
Module 8	8c	I don't think so.	праздник и фразы
Module 8	8c	Would you like ...?	праздник и фразы
Module 8	8d - Culture Corner	baseball	
Module 8	8d - Culture Corner	basketball	
Module 8	8d - Culture Corner	corn	
Module 8	8d - Culture Corner	custom	
Module 8	8d - Culture Corner	fries	
Module 8	8d - Culture Corner	hamburger	
Module 8	8d - Culture Corner	quiz	
Module 8	8d - Culture Corner	score	
Module 8	8d - Culture Corner	Thanksgiving (Day)	
Module 8	English in Use 8	baked potato	
Module 8	English in Use 8	beef	
Module 8	English in Use 8	cashier	
Module 8	English in Use 8	chilli	
Module 8	English in Use 8	chips	
Module 8	English in Use 8	coke	
Module 8	English in Use 8	fast food	
Module 8	English in Use 8	medium	
Module 8	English in Use 8	menu	
Module 8	English in Use 8	mineral water	
Module 8	English in Use 8	order	
Module 8	English in Use 8	takeaway	
Module 8	English in Use 8	tuna	
Module 8	English in Use 8	vanilla	
Module 8	English in Use 8	Enjoy your meal!	
Module 8	English in Use 8	Is that eat in or take away?	
Module 8	Across the Curriculum 8: PSHE	back	продукты и другие слова
Module 8	Across the Curriculum 8: PSHE	bacteria	безопасность на кухне
Module 8	Across the Curriculum 8: PSHE	carefully	безопасность на кухне
Module 8	Across the Curriculum 8: PSHE	chop	безопасность на кухне
Module 8	Across the Curriculum 8: PSHE	clean	безопасность на кухне
Module 8	Across the Curriculum 8: PSHE	dairy products	продукты и другие слова
Module 8	Across the Curriculum 8: PSHE	danger	безопасность на кухне
Module 8	Across the Curriculum 8: PSHE	first	продукты и другие слова
Module 8	Across the Curriculum 8: PSHE	forget	продукты и другие слова
Module 8	Across the Curriculum 8: PSHE	fruit & vegetables	продукты и другие слова
Module 8	Across the Curriculum 8: PSHE	keep away	безопасность на кухне
Module 8	Across the Curriculum 8: PSHE	keep out	безопасность на кухне
Module 8	Across the Curriculum 8: PSHE	knife	безопасность на кухне
Module 8	Across the Curriculum 8: PSHE	prepare	безопасность на кухне
Module 8	Across the Curriculum 8: PSHE	PSHE (Personal Social & Health Education)	продукты и другие слова
Module 8	Across the Curriculum 8: PSHE	sharp	безопасность на кухне
Module 8	Across the Curriculum 8: PSHE	store	безопасность на кухне
Module 8	Across the Curriculum 8: PSHE	surface	безопасность на кухне
Module 8	Across the Curriculum 8: PSHE	touch	безопасность на кухне
Module 8	Across the Curriculum 8: PSHE	yoghurt	продукты и другие слова
Module 8	Across the Curriculum 8: PSHE	the list of dos and don'ts	продукты и другие слова
Module 8	Across the Curriculum 8: PSHE	for example	продукты и другие слова
Module 8	Across the Curriculum 8: PSHE	keep clean	безопасность на кухне
Module 9	9a	aspirin	покупки и другие слова
Module 9	9a	baker's	магазины
Module 9	9a	bakery	магазины
Module 9	9a	chemist's	магазины
Module 9	9a	florist's	магазины
Module 9	9a	greengrocer's	магазины
Module 9	9a	jeweller's	магазины
Module 9	9a	mean	покупки и другие слова
Module 9	9a	mention	покупки и другие слова
Module 9	9a	newsagent's	магазины
Module 9	9a	record shop	магазины
Module 9	9a	sell	покупки и другие слова
Module 9	9a	shoe shop	магазины
Module 9	9a	shop	магазины
Module 9	9a	shopping centre/mall	магазины
Module 9	9a	tulip	покупки и другие слова
Module 9	9a	fast food restaurant	магазины
Module 9	9a	look for	покупки и другие слова
Module 9	9a	pair of shoes	покупки и другие слова
Module 9	9b	adventure park	
Module 9	9b	advertise	
Module 9	9b	art gallery	
Module 9	9b	candyfloss	
Module 9	9b	classical	
Module 9	9b	concert hall	
Module 9	9b	exhibition	
Module 9	9b	museum	
Module 9	9b	Net	
Module 9	9b	play	
Module 9	9b	queue	
Module 9	9b	ride	
Module 9	9b	roller coaster	
Module 9	9b	royal	
Module 9	9b	theatre	
Module 9	9b	theme park	
Module 9	9b	yesterday	
Module 9	9b	zoo	
Module 9	9c	action film	кино
Module 9	9c	adventure film	кино
Module 9	9c	adult	другие слова
Module 9	9c	animated	кино
Module 9	9c	become	другие слова
Module 9	9c	comedy	кино
Module 9	9c	hero	кино
Module 9	9c	horror film	кино
Module 9	9c	romance	кино
Module 9	9c	face	другие слова
Module 9	9c	heading	кино
Module 9	9c	leading star	кино
Module 9	9c	main character	кино
Module 9	9c	miss	другие слова
Module 9	9c	plot	кино
Module 9	9c	recommend	другие слова
Module 9	9c	recommendation	другие слова
Module 9	9c	review	кино
Module 9	9c	save	другие слова
Module 9	9c	It is (well) worth seeing.	другие слова
Module 9	9d - Culture Corner	busy spot	
Module 9	9d - Culture Corner	cinema	
Module 9	9d - Culture Corner	nearby	
Module 9	9d - Culture Corner	nightclub	
Module 9	9d - Culture Corner	premiere	
Module 9	9d - Culture Corner	pronounce	
Module 9	9d - Culture Corner	seat	
Module 9	9d - Culture Corner	square	
Module 9	9d - Culture Corner	statue	
Module 9	9d - Culture Corner	how much/many	
Module 9	English in Use 9	opposite	
Module 9	English in Use 9	supermarket	
Module 9	English in Use 9	Can you tell me where the ... is?	
Module 9	English in Use 9	Could you tell me how to get to ...?	
Module 9	English in Use 9	Excuse me. Is there a ... around here?	
Module 9	English in Use 9	on one's left/right	
Module 9	English in Use 9	turn right/left	
Module 9	English in Use 9	walk down	
Module 9	Across the Curriculum 9: Maths	bar	
Module 9	Across the Curriculum 9: Maths	change	
Module 9	Across the Curriculum 9: Maths	coin	
Module 9	Across the Curriculum 9: Maths	cost	
Module 9	Across the Curriculum 9: Maths	item	
Module 9	Across the Curriculum 9: Maths	pence	
Module 9	Across the Curriculum 9: Maths	penny	
Module 9	Across the Curriculum 9: Maths	pound	
Module 10	10a	abroad	путешествие
Module 10	10a	activity holiday	виды отдыха и транспорт
Module 10	10a	advert	путешествие
Module 10	10a	advise	действия
Module 10	10a	ancient culture	места и описание
Module 10	10a	apartment	путешествие
Module 10	10a	beauty	места и описание
Module 10	10a	book	путешествие
Module 10	10a	camp	виды отдыха и транспорт
Module 10	10a	coach	виды отдыха и транспорт
Module 10	10a	countryside	места и описание
Module 10	10a	credit card	путешествие
Module 10	10a	cruise	виды отдыха и транспорт
Module 10	10a	discover	действия
Module 10	10a	experience	действия
Module 10	10a	extreme sports	виды отдыха и транспорт
Module 10	10a	fill in	путешествие
Module 10	10a	free brochure	путешествие
Module 10	10a	full board	путешествие
Module 10	10a	historic	места и описание
Module 10	10a	holiday	путешествие
Module 10	10a	hotel	путешествие
Module 10	10a	join (in)	действия
Module 10	10a	learn (about)	действия
Module 10	10a	leisure	действия
Module 10	10a	magic	места и описание
Module 10	10a	magnificent	места и описание
Module 10	10a	motorbike	виды отдыха и транспорт
Module 10	10a	mountaineering	виды отдыха и транспорт
Module 10	10a	price	путешествие
Module 10	10a	rest	действия
Module 10	10a	rock climbing	виды отдыха и транспорт
Module 10	10a	safari	виды отдыха и транспорт
Module 10	10a	sand	места и описание
Module 10	10a	ship	виды отдыха и транспорт
Module 10	10a	sightseeing tour	виды отдыха и транспорт
Module 10	10a	spend	действия
Module 10	10a	travel	путешествие
Module 10	10a	travel agent	путешествие
Module 10	10a	trekking	виды отдыха и транспорт
Module 10	10b	airport	другие слова
Module 10	10b	bored	чувства и описание
Module 10	10b	boring	чувства и описание
Module 10	10b	business	другие слова
Module 10	10b	canoeing	виды отдыха
Module 10	10b	decide	другие слова
Module 10	10b	difficult	чувства и описание
Module 10	10b	enjoyable	чувства и описание
Module 10	10b	excited	чувства и описание
Module 10	10b	exciting	чувства и описание
Module 10	10b	feeling	чувства и описание
Module 10	10b	fishing	виды отдыха
Module 10	10b	hard	чувства и описание
Module 10	10b	hiking	виды отдыха
Module 10	10b	hungry	чувства и описание
Module 10	10b	jet skiing	виды отдыха
Module 10	10b	mind	другие слова
Module 10	10b	relaxed	чувства и описание
Module 10	10b	relaxing	чувства и описание
Module 10	10b	sailing	виды отдыха
Module 10	10b	scuba diving	виды отдыха
Module 10	10b	sunbathing	виды отдыха
Module 10	10b	tiring	чувства и описание
Module 10	10b	tired	чувства и описание
Module 10	10b	white water rafting	виды отдыха
Module 10	10b	windsurfing	виды отдыха
Module 10	10b	Don't worry!	другие слова
Module 10	10b	pass the exam	другие слова
Module 10	10c	abbreviation	
Module 10	10c	dentist	
Module 10	10c	headache	
Module 10	10c	health matters	
Module 10	10c	note	
Module 10	10c	pharmacy	
Module 10	10c	reception	
Module 10	10c	stomachache	
Module 10	10c	sunburn	
Module 10	10c	temperature	
Module 10	10c	toothache	
Module 10	10c	put lotion	
Module 10	10c	see a doctor	
Module 10	10c	stay out of the sun	
Module 10	10d - Culture Corner	aboard	
Module 10	10d - Culture Corner	castle	
Module 10	10d - Culture Corner	cathedral	
Module 10	10d - Culture Corner	flat tyre	
Module 10	10d - Culture Corner	scenic	
Module 10	10d - Culture Corner	sit back	
Module 10	10d - Culture Corner	square	
Module 10	10d - Culture Corner	team	
Module 10	10d - Culture Corner	win	
Module 10	10d - Culture Corner	miss a turn	
Module 10	English in Use 10	kind	
Module 10	English in Use 10	ordinary	
Module 10	English in Use 10	reasonable	
Module 10	English in Use 10	rent	
Module 10	English in Use 10	sign	
Module 10	English in Use 10	per day	
Module 10	Across the Curriculum 10: Geography	bottled water	
Module 10	Across the Curriculum 10: Geography	cartoon strip	
Module 10	Across the Curriculum 10: Geography	leaflet	
Module 10	Across the Curriculum 10: Geography	point	
Module 10	Across the Curriculum 10: Geography	reason	
Module 10	Across the Curriculum 10: Geography	shut up	
Module 10	Across the Curriculum 10: Geography	stream	
Module 10	Across the Curriculum 10: Geography	tent	
Module 10	Across the Curriculum 10: Geography	whistle	
Module 10	Across the Curriculum 10: Geography	get lost	
Module 10	Across the Curriculum 10: Geography	Let's have some fun!	
Module 10	Across the Curriculum 10: Geography	start a fire	
